project,file_path,language,dataset_type,loc_total,loc_blank,loc_comments,loc_code_and_comment,loc_executable,halstead_n1,halstead_n2,halstead_N1,halstead_N2,halstead_vocabulary,halstead_length,halstead_volume,halstead_difficulty,halstead_effort,wmc,dit,noc,cbo,rfc,lcom,cyclomatic_complexity,essential_complexity,design_complexity,num_methods,num_fields,num_classes,num_interfaces,branch_count,call_pairs,condition_count,normalized_cyclomatic_complexity,percent_comments,maintainability_index,edge_count,node_count,unique_operands,unique_operators,total_operands,total_operators,parameter_count,max_nested_blocks,defects,average_token_count,max_complexity
GitIntel,GitIntelProject\repo\druid\core\src\main\java\com\alibaba\druid\Constants.java,java,promise_professional,5,3,0,5,0,1,1,0,0,2,0,0,0.0,0.0,0,0,0,0,0,0,0,1,0,0,0,1,0,0,0,0,0.0,0,90.0,0,0,1,1,0,0,0,0,0,0,0
GitIntel,GitIntelProject\repo\druid\core\src\main\java\com\alibaba\druid\DbType.java,java,promise_professional,117,38,0,117,33,4,87,175,175,91,350,2450,4.022988505747127,9856.32183908046,0,0,0,0,0,0,2.8,1,5,5,0,1,0,9,175,14,0.02393162393162393,0,0,14,5,87,4,175,175,0,16,0,35.0,6
GitIntel,GitIntelProject\repo\druid\core\src\main\java\com\alibaba\druid\DruidRuntimeException.java,java,promise_professional,16,7,0,16,12,1,25,50,50,26,100,500,1.0,500.0,0,0,0,0,0,0,1.0,1,4,4,0,1,0,0,50,4,0.0625,0,0,4,4,25,1,50,50,4,3,0,12.5,1
GitIntel,GitIntelProject\repo\druid\core\src\main\java\com\alibaba\druid\FastsqlColumnAmbiguousException.java,java,promise_professional,8,3,0,8,5,1,8,17,17,9,34,136,1.0625,144.5,0,0,0,0,0,0,1.0,1,2,2,0,1,0,0,17,2,0.125,0,36.20000000000002,2,2,8,1,17,17,1,3,0,8.5,1
GitIntel,GitIntelProject\repo\druid\core\src\main\java\com\alibaba\druid\FastsqlException.java,java,promise_professional,16,7,0,16,12,1,25,50,50,26,100,500,1.0,500.0,0,0,0,0,0,0,1.0,1,4,4,0,1,0,0,50,4,0.0625,0,0,4,4,25,1,50,50,4,3,0,12.5,1
GitIntel,GitIntelProject\repo\druid\core\src\main\java\com\alibaba\druid\TransactionTimeoutException.java,java,promise_professional,5,4,0,5,0,1,1,0,0,2,0,0,0.0,0.0,0,0,0,0,0,0,0,1,0,0,0,1,0,0,0,0,0.0,0,90.0,0,0,1,1,0,0,0,0,0,0,0
GitIntel,GitIntelProject\repo\druid\core\src\main\java\com\alibaba\druid\VERSION.java,java,promise_professional,9,3,0,9,3,1,11,22,22,12,44,176,1.0,176.0,0,0,0,0,0,0,1.0,1,1,1,0,1,0,0,22,1,0.1111111111111111,0,20.00000000000003,1,1,11,1,22,22,0,3,0,22.0,1
GitIntel,GitIntelProject\repo\druid\core\src\main\java\com\alibaba\druid\filter\AutoLoad.java,java,promise_professional,10,4,0,10,0,1,1,0,0,2,0,0,0.0,0.0,0,0,0,0,0,0,0,1,0,0,0,1,0,0,0,0,0.0,0,9.0,0,0,1,1,0,0,0,0,0,0,0
GitIntel,GitIntelProject\repo\druid\core\src\main\java\com\alibaba\druid\filter\Filter.java,java,promise_professional,858,498,5,858,0,1,1,0,0,2,0,0,0.0,0.0,0,0,0,0,0,0,0,1,0,0,0,1,0,0,0,0,0.0,0,0,0,0,1,1,0,0,0,0,0,0,0
GitIntel,GitIntelProject\repo\druid\core\src\main\java\com\alibaba\druid\filter\FilterAdapter.java,java,promise_professional,2367,499,6,2367,1865,294,6679,13359,13359,6973,26718,347334,294.0220092828268,102123840.57224137,0,0,0,0,0,0,1.0020366598778003,1,491,491,0,1,0,1,13359,492,0.00042333614696991986,0,0,492,491,6679,294,13359,13359,1665,6,0,27.207739307535643,2
GitIntel,GitIntelProject\repo\druid\core\src\main\java\com\alibaba\druid\filter\FilterChain.java,java,promise_professional,671,497,7,671,0,1,1,0,0,2,0,0,0.0,0.0,0,0,0,0,0,0,0,1,0,0,0,1,0,0,0,0,0.0,0,0,0,0,1,1,0,0,0,0,0,0,0
GitIntel,GitIntelProject\repo\druid\core\src\main\java\com\alibaba\druid\filter\FilterChainImpl.java,java,promise_professional,4504,759,7,4504,3995,300,13528,27057,27057,13828,54114,757596,300.01108811354226,227287200.31046715,0,0,0,0,0,0,2.0841683366733466,1,499,499,0,1,0,541,27057,1040,0.00046273719730758136,0,0,1040,499,13528,300,27057,27057,1186,24,0,54.22244488977956,6
GitIntel,GitIntelProject\repo\druid\core\src\main\java\com\alibaba\druid\filter\FilterEventAdapter.java,java,promise_professional,404,120,0,404,371,29,1157,2315,2315,1186,4630,50930,29.012532411408817,1477608.275713051,0,0,0,0,0,0,1.9772727272727273,1,44,44,0,1,0,43,2315,87,0.004894239423942394,0,0,87,44,1157,29,2315,2315,126,21,0,52.61363636363637,5
GitIntel,GitIntelProject\repo\druid\core\src\main\java\com\alibaba\druid\filter\FilterManager.java,java,promise_professional,125,31,0,125,103,6,326,653,653,332,1306,11754,6.00920245398773,70632.16564417178,0,0,0,0,0,0,4.0,2,7,7,0,1,0,21,653,28,0.032,0,0,28,7,326,6,653,653,9,50,0,93.28571428571429,14
GitIntel,GitIntelProject\repo\druid\core\src\main\java\com\alibaba\druid\filter\config\ConfigFilter.java,java,promise_professional,165,40,2,165,139,8,446,893,893,454,1786,16074,8.008968609865471,128736.16143497759,0,0,0,0,0,0,5.25,2,8,8,0,1,0,34,893,42,0.031818181818181815,0,0,42,8,446,8,893,893,10,38,0,111.625,8
GitIntel,GitIntelProject\repo\druid\core\src\main\java\com\alibaba\druid\filter\config\ConfigTools.java,java,promise_professional,157,36,3,157,135,8,513,1027,1027,521,2054,20540,8.007797270955166,164480.1559454191,0,0,0,0,0,0,2.25,1,12,12,0,1,0,15,1027,27,0.014331210191082803,0,0,27,12,513,8,1027,1027,16,23,0,85.58333333333333,5
GitIntel,GitIntelProject\repo\druid\core\src\main\java\com\alibaba\druid\filter\encoding\CharsetConvert.java,java,promise_professional,27,10,0,27,20,4,69,138,138,73,276,1932,4.0,7728.0,0,0,0,0,0,0,2.75,1,4,4,0,1,0,7,138,11,0.10185185185185185,0,0,11,4,69,4,138,138,5,6,0,34.5,3
GitIntel,GitIntelProject\repo\druid\core\src\main\java\com\alibaba\druid\filter\encoding\CharsetParameter.java,java,promise_professional,20,10,2,20,12,4,21,42,42,25,84,420,4.0,1680.0,0,0,0,0,0,0,1.0,1,4,4,0,1,0,0,42,4,0.05,0,0,4,4,21,4,42,42,2,3,0,10.5,1
GitIntel,GitIntelProject\repo\druid\core\src\main\java\com\alibaba\druid\filter\encoding\EncodingConvertFilter.java,java,promise_professional,528,92,8,528,455,25,1956,3912,3912,1981,7824,86064,25.0,2151600.0,0,0,0,0,0,0,1.7118644067796611,1,59,59,0,1,0,42,3912,101,0.0032421674370826914,0,0,101,59,1956,25,3912,3912,227,25,0,66.30508474576271,5
GitIntel,GitIntelProject\repo\druid\core\src\main\java\com\alibaba\druid\filter\logging\CommonsLogFilter.java,java,promise_professional,117,27,0,117,88,24,243,486,486,267,972,8748,24.0,209952.0,0,0,0,0,0,0,1.4583333333333333,1,24,24,0,1,0,11,486,35,0.012464387464387463,0,0,35,24,243,24,486,486,15,6,0,20.25,2
GitIntel,GitIntelProject\repo\druid\core\src\main\java\com\alibaba\druid\filter\logging\CommonsLogFilterMBean.java,java,promise_professional,3,2,0,3,0,1,1,0,0,2,0,0,0.0,0.0,0,0,0,0,0,0,0,1,0,0,0,1,0,0,0,0,0.0,0,122.4,0,0,1,1,0,0,0,0,0,0,0
GitIntel,GitIntelProject\repo\druid\core\src\main\java\com\alibaba\druid\filter\logging\Log4j2Filter.java,java,promise_professional,109,27,0,109,80,24,209,418,418,233,836,6688,24.0,160512.0,0,0,0,0,0,0,1.2916666666666667,1,24,24,0,1,0,7,418,31,0.011850152905198778,0,0,31,24,209,24,418,418,15,4,0,17.416666666666668,2
GitIntel,GitIntelProject\repo\druid\core\src\main\java\com\alibaba\druid\filter\logging\Log4j2FilterMBean.java,java,promise_professional,3,2,0,3,0,1,1,0,0,2,0,0,0.0,0.0,0,0,0,0,0,0,0,1,0,0,0,1,0,0,0,0,0.0,0,122.4,0,0,1,1,0,0,0,0,0,0,0
GitIntel,GitIntelProject\repo\druid\core\src\main\java\com\alibaba\druid\filter\logging\Log4jFilter.java,java,promise_professional,109,27,0,109,80,24,213,427,427,237,854,6832,24.056338028169016,164352.9014084507,0,0,0,0,0,0,1.2916666666666667,1,24,24,0,1,0,7,427,31,0.011850152905198778,0,0,31,24,213,24,427,427,15,4,0,17.791666666666668,2
GitIntel,GitIntelProject\repo\druid\core\src\main\java\com\alibaba\druid\filter\logging\Log4jFilterMBean.java,java,promise_professional,3,2,0,3,0,1,1,0,0,2,0,0,0.0,0.0,0,0,0,0,0,0,0,1,0,0,0,1,0,0,0,0,0.0,0,122.4,0,0,1,1,0,0,0,0,0,0,0
GitIntel,GitIntelProject\repo\druid\core\src\main\java\com\alibaba\druid\filter\logging\LogFilter.java,java,promise_professional,784,171,1,784,696,92,2156,4313,4313,2248,8626,103512,92.0213358070501,9525312.51205937,0,0,0,0,0,0,2.2222222222222223,1,99,99,0,1,0,121,4313,220,0.002834467120181406,0,0,220,99,2156,92,4313,4313,111,61,0,43.56565656565657,16
GitIntel,GitIntelProject\repo\druid\core\src\main\java\com\alibaba\druid\filter\logging\LogFilterMBean.java,java,promise_professional,62,64,3,62,0,1,1,0,0,2,0,0,0.0,0.0,0,0,0,0,0,0,0,1,0,0,0,1,0,0,0,0,0.0,0,0,0,0,1,1,0,0,0,0,0,0,0
GitIntel,GitIntelProject\repo\druid\core\src\main\java\com\alibaba\druid\filter\logging\Slf4jLogFilter.java,java,promise_professional,115,31,0,115,85,25,218,436,436,243,872,6976,25.0,174400.0,0,0,0,0,0,0,1.2692307692307692,1,26,26,0,1,0,7,436,33,0.011036789297658863,0,0,33,26,218,25,436,436,16,4,0,16.76923076923077,2
GitIntel,GitIntelProject\repo\druid\core\src\main\java\com\alibaba\druid\filter\mysql8datetime\MySQL8DateTimeResultSetMetaData.java,java,promise_professional,108,28,0,108,77,24,220,440,440,244,880,7040,24.0,168960.0,0,0,0,0,0,0,1.0416666666666667,1,24,24,0,1,0,1,440,25,0.009645061728395063,0,0,25,24,220,24,440,440,23,7,0,18.333333333333332,2
GitIntel,GitIntelProject\repo\druid\core\src\main\java\com\alibaba\druid\filter\mysql8datetime\MySQL8DateTimeSqlTypeFilter.java,java,promise_professional,28,7,1,28,15,3,58,116,116,61,232,1392,3.0,4176.0,0,0,0,0,0,0,1.25,1,4,4,0,1,0,1,116,5,0.044642857142857144,0,0,5,4,58,3,116,116,9,6,0,29.0,2
GitIntel,GitIntelProject\repo\druid\core\src\main\java\com\alibaba\druid\filter\stat\MergeStatFilter.java,java,promise_professional,17,4,0,17,12,3,34,68,68,37,136,816,3.0,2448.0,0,0,0,0,0,0,2.0,1,3,3,0,1,0,3,68,6,0.11764705882352941,0,0,6,3,34,3,68,68,2,6,0,22.666666666666668,3
GitIntel,GitIntelProject\repo\druid\core\src\main\java\com\alibaba\druid\filter\stat\StatFilter.java,java,promise_professional,875,238,5,875,484,44,1717,3434,3434,1761,6868,75548,44.0,3324112.0,0,0,0,0,0,0,2.5208333333333335,1,48,48,0,1,0,73,3434,121,0.002880952380952381,0,0,121,48,1717,44,3434,3434,68,54,0,71.54166666666667,17
GitIntel,GitIntelProject\repo\druid\core\src\main\java\com\alibaba\druid\filter\stat\StatFilterContext.java,java,promise_professional,103,23,0,103,96,18,328,657,657,346,1314,11826,18.027439024390244,213192.49390243902,0,0,0,0,0,0,1.7777777777777777,1,18,18,0,1,0,14,657,32,0.017259978425026967,0,0,32,18,328,18,657,657,12,6,0,36.5,2
GitIntel,GitIntelProject\repo\druid\core\src\main\java\com\alibaba\druid\filter\stat\StatFilterContextListener.java,java,promise_professional,17,15,0,17,0,1,1,0,0,2,0,0,0.0,0.0,0,0,0,0,0,0,0,1,0,0,0,1,0,0,0,0,0.0,0,0,0,0,1,1,0,0,0,0,0,0,0
GitIntel,GitIntelProject\repo\druid\core\src\main\java\com\alibaba\druid\filter\stat\StatFilterContextListenerAdapter.java,java,promise_professional,45,16,0,45,28,14,46,93,93,60,186,1116,14.152173913043478,15793.826086956522,0,0,0,0,0,0,1.0,1,14,14,0,1,0,0,93,14,0.022222222222222223,0,0,14,14,46,14,93,93,10,2,0,6.642857142857143,1
GitIntel,GitIntelProject\repo\druid\core\src\main\java\com\alibaba\druid\filter\stat\StatFilterMBean.java,java,promise_professional,10,8,0,10,0,1,1,0,0,2,0,0,0.0,0.0,0,0,0,0,0,0,0,1,0,0,0,1,0,0,0,0,0.0,0,9.0,0,0,1,1,0,0,0,0,0,0,0
GitIntel,GitIntelProject\repo\druid\core\src\main\java\com\alibaba\druid\mock\MockArray.java,java,promise_professional,53,16,0,53,34,6,91,182,182,97,364,2548,6.0,15288.0,0,0,0,0,0,0,1.0,1,12,12,0,1,0,0,182,12,0.018867924528301886,0,0,12,12,91,6,182,182,12,3,0,15.166666666666666,1
GitIntel,GitIntelProject\repo\druid\core\src\main\java\com\alibaba\druid\mock\MockBlob.java,java,promise_professional,55,15,0,55,34,8,103,206,206,111,412,2884,8.0,23072.0,0,0,0,0,0,0,1.0,1,11,11,0,1,0,0,206,11,0.01818181818181818,0,0,11,11,103,8,206,206,16,6,0,18.727272727272727,1
GitIntel,GitIntelProject\repo\druid\core\src\main\java\com\alibaba\druid\mock\MockCallableStatement.java,java,promise_professional,510,137,0,510,385,55,1225,2451,2451,1280,4902,53922,55.022448979591836,2966920.493877551,0,0,0,0,0,0,1.0869565217391304,1,115,115,0,1,0,10,2451,125,0.002131287297527707,0,0,125,115,1225,55,2451,2451,197,10,0,21.31304347826087,3
GitIntel,GitIntelProject\repo\druid\core\src\main\java\com\alibaba\druid\mock\MockClob.java,java,promise_professional,67,19,0,67,46,11,119,238,238,130,476,3808,11.0,41888.0,0,0,0,0,0,0,1.0666666666666667,1,15,15,0,1,0,1,238,16,0.015920398009950248,0,0,16,15,119,11,238,238,18,6,0,15.866666666666667,2
GitIntel,GitIntelProject\repo\druid\core\src\main\java\com\alibaba\druid\mock\MockConnection.java,java,promise_professional,355,115,2,355,295,48,745,1491,1491,793,2982,29820,48.03221476510067,1432320.644295302,0,0,0,0,0,0,1.3225806451612903,1,62,62,0,1,0,20,1491,82,0.00372557928214448,0,0,82,62,745,48,1491,1491,58,12,0,24.048387096774192,4
GitIntel,GitIntelProject\repo\druid\core\src\main\java\com\alibaba\druid\mock\MockConnectionClosedException.java,java,promise_professional,8,4,0,8,3,1,4,9,9,5,18,54,1.125,60.75,0,0,0,0,0,0,1.0,1,1,1,0,1,0,0,9,1,0.125,0,36.20000000000002,1,1,4,1,9,9,0,3,0,9.0,1
GitIntel,GitIntelProject\repo\druid\core\src\main\java\com\alibaba\druid\mock\MockDriver.java,java,promise_professional,232,78,1,232,194,34,577,1154,1154,611,2308,23080,34.0,784720.0,0,0,0,0,0,0,1.7352941176470589,1,34,34,0,1,0,25,1154,59,0.007479716024340771,0,0,59,34,577,34,1154,1154,27,39,0,33.94117647058823,9
GitIntel,GitIntelProject\repo\druid\core\src\main\java\com\alibaba\druid\mock\MockDriverMBean.java,java,promise_professional,15,13,0,15,0,1,1,0,0,2,0,0,0.0,0.0,0,0,0,0,0,0,0,1,0,0,0,1,0,0,0,0,0.0,0,0,0,0,1,1,0,0,0,0,0,0,0
GitIntel,GitIntelProject\repo\druid\core\src\main\java\com\alibaba\druid\mock\MockNClob.java,java,promise_professional,4,3,0,4,0,1,1,0,0,2,0,0,0.0,0.0,0,0,0,0,0,0,0,1,0,0,0,1,0,0,0,0,0.0,0,106.2,0,0,1,1,0,0,0,0,0,0,0
GitIntel,GitIntelProject\repo\druid\core\src\main\java\com\alibaba\druid\mock\MockParameterMetaData.java,java,promise_professional,115,34,0,115,86,29,203,407,407,232,814,6512,29.071428571428573,189313.14285714287,0,0,0,0,0,0,1.0,1,29,29,0,1,0,0,407,29,0.008695652173913044,0,0,29,29,203,29,407,407,18,3,0,14.03448275862069,1
GitIntel,GitIntelProject\repo\druid\core\src\main\java\com\alibaba\druid\mock\MockPreparedStatement.java,java,promise_professional,55,22,0,55,43,7,115,230,230,122,460,3220,7.0,22540.0,0,0,0,0,0,0,1.8571428571428572,1,7,7,0,1,0,6,230,13,0.03376623376623377,0,0,13,7,115,7,230,230,2,12,0,32.857142857142854,4
GitIntel,GitIntelProject\repo\druid\core\src\main\java\com\alibaba\druid\mock\MockRef.java,java,promise_professional,27,9,0,27,15,4,33,66,66,37,132,792,4.0,3168.0,0,0,0,0,0,0,1.0,1,5,5,0,1,0,0,66,5,0.037037037037037035,0,0,5,5,33,4,66,66,3,3,0,13.2,1
GitIntel,GitIntelProject\repo\druid\core\src\main\java\com\alibaba\druid\mock\MockResultSet.java,java,promise_professional,65,17,0,65,49,8,123,247,247,131,494,3952,8.032520325203253,31744.520325203255,0,0,0,0,0,0,1.5555555555555556,1,9,9,0,1,0,5,247,14,0.023931623931623933,0,0,14,9,123,8,247,247,6,10,0,27.444444444444443,3
GitIntel,GitIntelProject\repo\druid\core\src\main\java\com\alibaba\druid\mock\MockResultSetMetaData.java,java,promise_professional,7,5,0,7,2,1,2,5,5,3,10,20,1.25,25.0,0,0,0,0,0,0,1.0,1,1,1,0,1,0,0,5,1,0.14285714285714285,0,52.40000000000002,1,1,2,1,5,5,0,2,0,5.0,1
GitIntel,GitIntelProject\repo\druid\core\src\main\java\com\alibaba\druid\mock\MockRowId.java,java,promise_professional,17,8,0,17,11,3,21,43,43,24,86,430,3.0714285714285716,1320.7142857142858,0,0,0,0,0,0,1.0,1,4,4,0,1,0,0,43,4,0.058823529411764705,0,0,4,4,21,3,43,43,2,3,0,10.75,1
GitIntel,GitIntelProject\repo\druid\core\src\main\java\com\alibaba\druid\mock\MockSavepoint.java,java,promise_professional,18,8,0,18,12,4,21,42,42,25,84,420,4.0,1680.0,0,0,0,0,0,0,1.0,1,4,4,0,1,0,0,42,4,0.05555555555555555,0,0,4,4,21,4,42,42,2,3,0,10.5,1
GitIntel,GitIntelProject\repo\druid\core\src\main\java\com\alibaba\druid\mock\MockSQLXML.java,java,promise_professional,45,13,0,45,25,9,48,96,96,57,192,1152,9.0,10368.0,0,0,0,0,0,0,1.0,1,9,9,0,1,0,0,96,9,0.022222222222222223,0,0,9,9,48,9,96,96,3,3,0,10.666666666666666,1
GitIntel,GitIntelProject\repo\druid\core\src\main\java\com\alibaba\druid\mock\MockStatement.java,java,promise_professional,63,22,0,63,48,7,126,252,252,133,504,4032,7.0,28224.0,0,0,0,0,0,0,2.142857142857143,1,7,7,0,1,0,8,252,15,0.03401360544217687,0,0,15,7,126,7,252,252,5,11,0,36.0,3
GitIntel,GitIntelProject\repo\druid\core\src\main\java\com\alibaba\druid\mock\MockStatementBase.java,java,promise_professional,6,3,0,6,0,1,1,0,0,2,0,0,0.0,0.0,0,0,0,0,0,0,0,1,0,0,0,1,0,0,0,0,0.0,0,73.80000000000001,0,0,1,1,0,0,0,0,0,0,0
GitIntel,GitIntelProject\repo\druid\core\src\main\java\com\alibaba\druid\mock\MockStruct.java,java,promise_professional,18,6,0,18,9,2,19,38,38,21,76,380,2.0,760.0,0,0,0,0,0,0,1.0,1,3,3,0,1,0,0,38,3,0.05555555555555555,0,0,3,3,19,2,38,38,1,3,0,12.666666666666666,1
GitIntel,GitIntelProject\repo\druid\core\src\main\java\com\alibaba\druid\mock\handler\MockExecuteHandler.java,java,promise_professional,7,4,0,7,0,1,1,0,0,2,0,0,0.0,0.0,0,0,0,0,0,0,0,1,0,0,0,1,0,0,0,0,0.0,0,57.60000000000001,0,0,1,1,0,0,0,0,0,0,0
GitIntel,GitIntelProject\repo\druid\core\src\main\java\com\alibaba\druid\mock\handler\MySqlMockExecuteHandlerImpl.java,java,promise_professional,120,28,0,120,99,3,415,830,830,418,1660,14940,3.0,44820.0,0,0,0,0,0,0,6.0,3,4,4,0,1,0,20,830,24,0.05,0,0,24,4,415,3,830,830,7,49,0,207.5,12
GitIntel,GitIntelProject\repo\druid\core\src\main\java\com\alibaba\druid\pool\DataSourceClosedException.java,java,promise_professional,8,5,0,8,3,1,6,12,12,7,24,72,1.0,72.0,0,0,0,0,0,0,1.0,1,1,1,0,1,0,0,12,1,0.125,0,36.20000000000002,1,1,6,1,12,12,1,3,0,12.0,1
GitIntel,GitIntelProject\repo\druid\core\src\main\java\com\alibaba\druid\pool\DataSourceDisableException.java,java,promise_professional,14,7,0,14,9,1,16,33,33,17,66,330,1.03125,340.3125,0,0,0,0,0,0,1.0,1,3,3,0,1,0,0,33,3,0.07142857142857142,0,0,3,3,16,1,33,33,2,3,0,11.0,1
GitIntel,GitIntelProject\repo\druid\core\src\main\java\com\alibaba\druid\pool\DataSourceNotAvailableException.java,java,promise_professional,8,5,0,8,3,1,6,12,12,7,24,72,1.0,72.0,0,0,0,0,0,0,1.0,1,1,1,0,1,0,0,12,1,0.125,0,36.20000000000002,1,1,6,1,12,12,1,3,0,12.0,1
GitIntel,GitIntelProject\repo\druid\core\src\main\java\com\alibaba\druid\pool\DruidAbstractDataSource.java,java,promise_professional,1856,434,29,1856,1586,254,4176,8353,8353,4430,16706,217178,254.03041187739464,55169816.79070881,0,0,0,0,0,0,1.748091603053435,1,262,262,0,1,0,196,8353,458,0.0009418596999210318,0,0,458,262,4176,254,8353,8353,126,129,0,31.88167938931298,42
GitIntel,GitIntelProject\repo\druid\core\src\main\java\com\alibaba\druid\pool\DruidAbstractDataSourceMBean.java,java,promise_professional,82,79,0,82,0,1,1,0,0,2,0,0,0.0,0.0,0,0,0,0,0,0,0,1,0,0,0,1,0,0,0,0,0.0,0,0,0,0,1,1,0,0,0,0,0,0,0
GitIntel,GitIntelProject\repo\druid\core\src\main\java\com\alibaba\druid\pool\DruidConnectionHolder.java,java,promise_professional,374,79,6,374,309,40,775,1551,1551,815,3102,31020,40.0258064516129,1241600.5161290322,0,0,0,0,0,0,1.8571428571428572,1,42,42,0,1,0,36,1551,78,0.004965622612681436,0,0,78,42,775,40,1551,1551,21,96,0,36.92857142857143,21
GitIntel,GitIntelProject\repo\druid\core\src\main\java\com\alibaba\druid\pool\DruidDataSource.java,java,promise_professional,3236,634,60,3236,3065,145,9065,18131,18131,9210,36262,507668,145.0079977937121,73615920.22393823,0,0,0,0,0,0,4.8734177215189876,2,158,158,0,1,0,612,18131,770,0.0015060005319897983,0,0,770,158,9065,145,18131,18131,69,196,0,114.75316455696202,48
GitIntel,GitIntelProject\repo\druid\core\src\main\java\com\alibaba\druid\pool\DruidDataSourceC3P0Adapter.java,java,promise_professional,359,113,3,359,317,99,692,1384,1384,791,2768,27680,99.0,2740320.0,0,0,0,0,0,0,1.02,1,100,100,0,1,0,2,1384,102,0.002841225626740947,0,0,102,100,692,99,1384,1384,45,12,0,13.84,2
GitIntel,GitIntelProject\repo\druid\core\src\main\java\com\alibaba\druid\pool\DruidDataSourceC3P0AdapterMBean.java,java,promise_professional,28,27,1,28,0,1,1,0,0,2,0,0,0.0,0.0,0,0,0,0,0,0,0,1,0,0,0,1,0,0,0,0,0.0,0,0,0,0,1,1,0,0,0,0,0,0,0
GitIntel,GitIntelProject\repo\druid\core\src\main\java\com\alibaba\druid\pool\DruidDataSourceFactory.java,java,promise_professional,342,55,2,342,231,4,855,1710,1710,859,3420,34200,4.0,136800.0,0,0,0,0,0,0,12.0,6,5,5,0,1,0,55,1710,60,0.03508771929824561,0,0,60,5,855,4,1710,1710,9,196,0,342.0,50
GitIntel,GitIntelProject\repo\druid\core\src\main\java\com\alibaba\druid\pool\DruidDataSourceMBean.java,java,promise_professional,39,36,0,39,0,1,1,0,0,2,0,0,0.0,0.0,0,0,0,0,0,0,0,1,0,0,0,1,0,0,0,0,0.0,0,0,0,0,1,1,0,0,0,0,0,0,0
GitIntel,GitIntelProject\repo\druid\core\src\main\java\com\alibaba\druid\pool\DruidDataSourceStatLogger.java,java,promise_professional,9,7,0,9,0,1,1,0,0,2,0,0,0.0,0.0,0,0,0,0,0,0,0,1,0,0,0,1,0,0,0,0,0.0,0,25.200000000000017,0,0,1,1,0,0,0,0,0,0,0
GitIntel,GitIntelProject\repo\druid\core\src\main\java\com\alibaba\druid\pool\DruidDataSourceStatLoggerAdapter.java,java,promise_professional,17,8,0,17,8,4,14,28,28,18,56,280,4.0,1120.0,0,0,0,0,0,0,1.0,1,4,4,0,1,0,0,28,4,0.058823529411764705,0,0,4,4,14,4,28,28,4,2,0,7.0,1
GitIntel,GitIntelProject\repo\druid\core\src\main\java\com\alibaba\druid\pool\DruidDataSourceStatLoggerImpl.java,java,promise_professional,176,52,0,176,158,7,647,1294,1294,654,2588,25880,7.0,181160.0,0,0,0,0,0,0,5.625,2,8,8,0,1,0,37,1294,45,0.03196022727272727,0,0,45,8,647,7,1294,1294,5,128,0,161.75,34
GitIntel,GitIntelProject\repo\druid\core\src\main\java\com\alibaba\druid\pool\DruidDataSourceStatValue.java,java,promise_professional,425,136,1,425,323,101,583,1166,1166,684,2332,23320,101.0,2355320.0,0,0,0,0,0,0,1.0198019801980198,1,101,101,0,1,0,2,1166,103,0.0023995340710541643,0,0,103,101,583,101,1166,1166,50,11,0,11.544554455445544,2
GitIntel,GitIntelProject\repo\druid\core\src\main\java\com\alibaba\druid\pool\DruidPooledCallableStatement.java,java,promise_professional,936,125,0,936,813,57,2162,4324,4324,2219,8648,103776,57.0,5915232.0,0,0,0,0,0,0,1.982905982905983,1,117,117,0,1,0,115,4324,232,0.0021184892979764776,0,0,232,117,2162,57,4324,4324,199,9,0,36.957264957264954,4
GitIntel,GitIntelProject\repo\druid\core\src\main\java\com\alibaba\druid\pool\DruidPooledConnection.java,java,promise_professional,985,274,7,985,582,33,1696,3392,3392,1729,6784,74624,33.0,2462592.0,0,0,0,0,0,0,2.8260869565217392,1,46,46,0,1,0,84,3392,130,0.002869123813727654,0,0,130,46,1696,33,3392,3392,44,50,0,73.73913043478261,13
GitIntel,GitIntelProject\repo\druid\core\src\main\java\com\alibaba\druid\pool\DruidPooledPreparedStatement.java,java,promise_professional,854,204,2,854,754,63,2034,4068,4068,2097,8136,97632,63.0,6150816.0,0,0,0,0,0,0,2.159090909090909,1,88,88,0,1,0,102,4068,190,0.00252820949542261,0,0,190,88,2034,63,4068,4068,160,40,0,46.22727272727273,13
GitIntel,GitIntelProject\repo\druid\core\src\main\java\com\alibaba\druid\pool\DruidPooledResultSet.java,java,promise_professional,1551,202,0,1551,1345,99,3432,6865,6865,3531,13730,164760,99.01442307692308,16313616.346153846,0,0,0,0,0,0,1.9793814432989691,1,194,194,0,1,0,190,6865,384,0.0012761969331392452,0,0,384,194,3432,99,6865,6865,272,14,0,35.38659793814433,4
GitIntel,GitIntelProject\repo\druid\core\src\main\java\com\alibaba\druid\pool\DruidPooledStatement.java,java,promise_professional,696,176,1,696,637,52,1569,3139,3139,1621,6278,69058,52.016571064372215,3592160.364563416,0,0,0,0,0,0,2.566666666666667,1,60,60,0,1,0,94,3139,154,0.003687739463601533,0,0,154,60,1569,52,3139,3139,35,56,0,52.31666666666667,16
GitIntel,GitIntelProject\repo\druid\core\src\main\java\com\alibaba\druid\pool\DruidStatementConnection.java,java,promise_professional,255,61,0,255,178,44,501,1003,1003,545,2006,20060,44.0439121756487,883520.8782435129,0,0,0,0,0,0,1.0,1,57,57,0,1,0,0,1003,57,0.00392156862745098,0,0,57,57,501,44,1003,1003,54,4,0,17.596491228070175,1
GitIntel,GitIntelProject\repo\druid\core\src\main\java\com\alibaba\druid\pool\ExceptionSorter.java,java,promise_professional,7,4,0,7,0,1,1,0,0,2,0,0,0.0,0.0,0,0,0,0,0,0,0,1,0,0,0,1,0,0,0,0,0.0,0,57.60000000000001,0,0,1,1,0,0,0,0,0,0,0
GitIntel,GitIntelProject\repo\druid\core\src\main\java\com\alibaba\druid\pool\GetConnectionTimeoutException.java,java,promise_professional,11,6,0,11,6,1,14,29,29,15,58,232,1.0357142857142858,240.2857142857143,0,0,0,0,0,0,1.0,1,2,2,0,1,0,0,29,2,0.09090909090909091,0,0,2,2,14,1,29,29,3,3,0,14.5,1
GitIntel,GitIntelProject\repo\druid\core\src\main\java\com\alibaba\druid\pool\JDBC4ValidConnectionChecker.java,java,promise_professional,16,4,0,16,9,2,28,56,56,30,112,560,2.0,1120.0,0,0,0,0,0,0,1.5,1,2,2,0,1,0,1,56,3,0.09375,0,0,3,2,28,2,56,56,4,7,0,28.0,2
GitIntel,GitIntelProject\repo\druid\core\src\main\java\com\alibaba\druid\pool\ManagedDataSource.java,java,promise_professional,9,6,0,9,0,1,1,0,0,2,0,0,0.0,0.0,0,0,0,0,0,0,0,1,0,0,0,1,0,0,0,0,0.0,0,25.200000000000017,0,0,1,1,0,0,0,0,0,0,0
GitIntel,GitIntelProject\repo\druid\core\src\main\java\com\alibaba\druid\pool\PoolableWrapper.java,java,promise_professional,65,20,2,65,54,3,144,288,288,147,576,4608,3.0,13824.0,0,0,0,0,0,0,6.333333333333333,3,3,3,0,1,0,16,288,19,0.09743589743589744,0,0,19,3,144,3,288,288,3,26,0,96.0,9
GitIntel,GitIntelProject\repo\druid\core\src\main\java\com\alibaba\druid\pool\PreparedStatementHolder.java,java,promise_professional,68,26,0,68,54,17,93,187,187,110,374,2618,17.091397849462364,44745.27956989247,0,0,0,0,0,0,1.0588235294117647,1,17,17,0,1,0,1,187,18,0.015570934256055364,0,0,18,17,93,17,187,187,7,5,0,11.0,2
GitIntel,GitIntelProject\repo\druid\core\src\main\java\com\alibaba\druid\pool\PreparedStatementPool.java,java,promise_professional,150,35,0,150,126,10,374,749,749,384,1498,13482,10.01336898395722,135000.24064171122,0,0,0,0,0,0,3.3,1,10,10,0,1,0,23,749,33,0.022,0,0,33,10,374,10,749,749,7,41,0,74.9,10
GitIntel,GitIntelProject\repo\druid\core\src\main\java\com\alibaba\druid\pool\ValidConnectionChecker.java,java,promise_professional,7,4,0,7,0,1,1,0,0,2,0,0,0.0,0.0,0,0,0,0,0,0,0,1,0,0,0,1,0,0,0,0,0.0,0,57.60000000000001,0,0,1,1,0,0,0,0,0,0,0
GitIntel,GitIntelProject\repo\druid\core\src\main\java\com\alibaba\druid\pool\ValidConnectionCheckerAdapter.java,java,promise_professional,55,8,1,55,43,3,115,231,231,118,462,3234,3.0130434782608697,9744.182608695653,0,0,0,0,0,0,3.3333333333333335,1,3,3,0,1,0,7,231,10,0.06060606060606061,0,0,10,3,115,3,231,231,7,35,0,77.0,7
GitIntel,GitIntelProject\repo\druid\core\src\main\java\com\alibaba\druid\pool\WrapperAdapter.java,java,promise_professional,21,9,0,21,14,3,33,66,66,36,132,792,3.0,2376.0,0,0,0,0,0,0,2.0,1,3,3,0,1,0,3,66,6,0.09523809523809523,0,0,6,3,33,3,66,66,2,9,0,22.0,3
GitIntel,GitIntelProject\repo\druid\core\src\main\java\com\alibaba\druid\pool\ha\DataSourceCreator.java,java,promise_professional,44,15,0,44,39,1,191,383,383,192,766,6128,1.0026178010471205,6144.041884816755,0,0,0,0,0,0,1.0,1,1,1,0,1,0,0,383,1,0.022727272727272728,0,0,1,1,191,1,383,383,5,39,0,383.0,1
GitIntel,GitIntelProject\repo\druid\core\src\main\java\com\alibaba\druid\pool\ha\HighAvailableDataSource.java,java,promise_professional,424,108,7,424,349,85,752,1504,1504,837,3008,30080,85.0,2556800.0,0,0,0,0,0,0,1.3255813953488371,1,86,86,0,1,0,28,1504,114,0.0031263712154453705,0,0,114,86,752,85,1504,1504,43,23,0,17.488372093023255,8
GitIntel,GitIntelProject\repo\druid\core\src\main\java\com\alibaba\druid\pool\ha\PropertiesUtils.java,java,promise_professional,77,10,0,77,67,3,203,407,407,206,814,6512,3.0073891625615765,19584.118226600986,0,0,0,0,0,0,7.333333333333333,3,3,3,0,1,0,19,407,22,0.09523809523809523,0,0,22,3,203,3,407,407,5,38,0,135.66666666666666,9
GitIntel,GitIntelProject\repo\druid\core\src\main\java\com\alibaba\druid\pool\ha\node\FileNodeListener.java,java,promise_professional,105,13,0,105,85,8,248,496,496,256,992,8928,8.0,71424.0,0,0,0,0,0,0,3.25,1,8,8,0,1,0,18,496,26,0.030952380952380953,0,0,26,8,248,8,496,496,2,36,0,62.0,12
GitIntel,GitIntelProject\repo\druid\core\src\main\java\com\alibaba\druid\pool\ha\node\NodeEvent.java,java,promise_professional,88,20,0,88,75,13,239,478,478,252,956,7648,13.0,99424.0,0,0,0,0,0,0,1.7692307692307692,1,13,13,0,1,0,10,478,23,0.020104895104895104,0,0,23,13,239,13,478,478,10,20,0,36.76923076923077,9
GitIntel,GitIntelProject\repo\druid\core\src\main\java\com\alibaba\druid\pool\ha\node\NodeEventTypeEnum.java,java,promise_professional,4,2,0,4,0,1,1,0,0,2,0,0,0.0,0.0,0,0,0,0,0,0,0,1,0,0,0,1,0,0,0,0,0.0,0,106.2,0,0,1,1,0,0,0,0,0,0,0
GitIntel,GitIntelProject\repo\druid\core\src\main\java\com\alibaba\druid\pool\ha\node\NodeListener.java,java,promise_professional,58,18,0,58,44,10,108,217,217,118,434,3038,10.046296296296296,30520.648148148146,0,0,0,0,0,0,1.3636363636363635,1,11,11,0,1,0,4,217,15,0.023510971786833854,0,0,15,11,108,10,217,217,5,11,0,19.727272727272727,4
GitIntel,GitIntelProject\repo\druid\core\src\main\java\com\alibaba\druid\pool\ha\node\PoolUpdater.java,java,promise_professional,214,28,0,214,188,18,526,1053,1053,544,2106,21060,18.017110266159698,379440.3422053232,0,0,0,0,0,0,2.9444444444444446,1,18,18,0,1,0,35,1053,53,0.013759086188992731,0,0,53,18,526,18,1053,1053,10,42,0,58.5,9
GitIntel,GitIntelProject\repo\druid\core\src\main\java\com\alibaba\druid\pool\ha\node\ZookeeperNodeInfo.java,java,promise_professional,50,14,0,50,41,12,82,165,165,94,330,2310,12.073170731707316,27889.0243902439,0,0,0,0,0,0,1.25,1,12,12,0,1,0,3,165,15,0.025,0,0,15,12,82,12,165,165,6,8,0,13.75,4
GitIntel,GitIntelProject\repo\druid\core\src\main\java\com\alibaba\druid\pool\ha\node\ZookeeperNodeListener.java,java,promise_professional,240,23,6,240,208,19,647,1294,1294,666,2588,25880,19.0,491720.0,0,0,0,0,0,0,2.6842105263157894,1,19,19,0,1,0,32,1294,51,0.01118421052631579,0,0,51,19,647,19,1294,1294,11,25,0,68.10526315789474,5
GitIntel,GitIntelProject\repo\druid\core\src\main\java\com\alibaba\druid\pool\ha\node\ZookeeperNodeRegister.java,java,promise_professional,124,16,0,124,102,12,299,598,598,311,1196,10764,12.0,129168.0,0,0,0,0,0,0,2.4166666666666665,1,12,12,0,1,0,17,598,29,0.019489247311827957,0,0,29,12,299,12,598,598,6,27,0,49.833333333333336,8
GitIntel,GitIntelProject\repo\druid\core\src\main\java\com\alibaba\druid\pool\ha\selector\DataSourceSelector.java,java,promise_professional,9,7,0,9,0,1,1,0,0,2,0,0,0.0,0.0,0,0,0,0,0,0,0,1,0,0,0,1,0,0,0,0,0.0,0,25.200000000000017,0,0,1,1,0,0,0,0,0,0,0
GitIntel,GitIntelProject\repo\druid\core\src\main\java\com\alibaba\druid\pool\ha\selector\DataSourceSelectorEnum.java,java,promise_professional,35,9,0,35,23,4,56,113,113,60,226,1356,4.035714285714286,5472.428571428572,0,0,0,0,0,0,1.5,1,4,4,0,1,0,2,113,6,0.04285714285714286,0,0,6,4,56,4,113,113,3,13,0,28.25,3
GitIntel,GitIntelProject\repo\druid\core\src\main\java\com\alibaba\druid\pool\ha\selector\DataSourceSelectorFactory.java,java,promise_professional,12,3,0,12,8,1,24,49,49,25,98,490,1.0208333333333333,500.2083333333333,0,0,0,0,0,0,3.0,1,1,1,0,1,0,2,49,3,0.25,0,0,3,1,24,1,49,49,2,8,0,49.0,3
GitIntel,GitIntelProject\repo\druid\core\src\main\java\com\alibaba\druid\pool\ha\selector\NamedDataSourceSelector.java,java,promise_professional,63,16,0,63,48,10,112,224,224,122,448,3136,10.0,31360.0,0,0,0,0,0,0,1.7,1,10,10,0,1,0,7,224,17,0.026984126984126982,0,0,17,10,112,10,224,224,3,23,0,22.4,8
GitIntel,GitIntelProject\repo\druid\core\src\main\java\com\alibaba\druid\pool\ha\selector\RandomDataSourceRecoverThread.java,java,promise_professional,88,17,2,88,73,11,179,359,359,190,718,5744,11.03072625698324,63360.49162011173,0,0,0,0,0,0,2.1818181818181817,1,11,11,0,1,0,13,359,24,0.024793388429752063,0,0,24,11,179,11,359,359,5,18,0,32.63636363636363,8
GitIntel,GitIntelProject\repo\druid\core\src\main\java\com\alibaba\druid\pool\ha\selector\RandomDataSourceSelector.java,java,promise_professional,228,42,1,228,196,31,543,1087,1087,574,2174,21740,31.028545119705342,674560.5709023941,0,0,0,0,0,0,2.096774193548387,1,31,31,0,1,0,34,1087,65,0.00919637804187889,0,0,65,31,543,31,1087,1087,16,27,0,35.064516129032256,7
GitIntel,GitIntelProject\repo\druid\core\src\main\java\com\alibaba\druid\pool\ha\selector\RandomDataSourceValidateFilter.java,java,promise_professional,27,7,0,27,19,5,55,111,111,60,222,1332,5.045454545454546,6720.545454545455,0,0,0,0,0,0,1.2,1,5,5,0,1,0,1,111,6,0.044444444444444446,0,0,6,5,55,5,111,111,12,7,0,22.2,2
GitIntel,GitIntelProject\repo\druid\core\src\main\java\com\alibaba\druid\pool\ha\selector\RandomDataSourceValidateThread.java,java,promise_professional,253,36,2,253,224,19,722,1445,1445,741,2890,28900,19.013157894736842,549480.2631578947,0,0,0,0,0,0,3.789473684210526,1,19,19,0,1,0,53,1445,72,0.01497815685458706,0,0,72,19,722,19,1445,1445,10,50,0,76.05263157894737,11
GitIntel,GitIntelProject\repo\druid\core\src\main\java\com\alibaba\druid\pool\ha\selector\StickyDataSourceHolder.java,java,promise_professional,26,10,0,26,20,6,37,74,74,43,148,888,6.0,5328.0,0,0,0,0,0,0,1.1428571428571428,1,7,7,0,1,0,1,74,8,0.04395604395604395,0,0,8,7,37,6,74,74,3,3,0,10.571428571428571,2
GitIntel,GitIntelProject\repo\druid\core\src\main\java\com\alibaba\druid\pool\ha\selector\StickyRandomDataSourceSelector.java,java,promise_professional,58,14,0,58,45,8,154,309,309,162,618,4944,8.025974025974026,39680.41558441558,0,0,0,0,0,0,2.25,1,8,8,0,1,0,10,309,18,0.03879310344827586,0,0,18,8,154,8,309,309,5,15,0,38.625,5
GitIntel,GitIntelProject\repo\druid\core\src\main\java\com\alibaba\druid\pool\vendor\AbstractOracleExceptionSorter.java,java,promise_professional,31,5,0,31,19,1,54,108,108,55,216,1296,1.0,1296.0,0,0,0,0,0,0,7.0,3,1,1,0,1,0,6,108,7,0.22580645161290322,0,0,7,1,54,1,108,108,1,19,0,108.0,7
GitIntel,GitIntelProject\repo\druid\core\src\main\java\com\alibaba\druid\pool\vendor\DB2ExceptionSorter.java,java,promise_professional,35,8,1,35,26,2,54,109,109,56,218,1308,2.0185185185185186,2640.222222222222,0,0,0,0,0,0,6.5,3,2,2,0,1,0,11,109,13,0.18571428571428572,0,0,13,2,54,2,109,109,2,24,0,54.5,12
GitIntel,GitIntelProject\repo\druid\core\src\main\java\com\alibaba\druid\pool\vendor\InformixExceptionSorter.java,java,promise_professional,37,10,0,37,28,2,54,109,109,56,218,1308,2.0185185185185186,2640.222222222222,0,0,0,0,0,0,10.0,5,2,2,0,1,0,18,109,20,0.2702702702702703,0,0,20,2,54,2,109,109,2,26,0,54.5,19
GitIntel,GitIntelProject\repo\druid\core\src\main\java\com\alibaba\druid\pool\vendor\MockExceptionSorter.java,java,promise_professional,17,7,0,17,8,3,13,27,27,16,54,270,3.1153846153846154,841.1538461538462,0,0,0,0,0,0,1.0,1,3,3,0,1,0,0,27,3,0.058823529411764705,0,0,3,3,13,3,27,27,2,3,0,9.0,1
GitIntel,GitIntelProject\repo\druid\core\src\main\java\com\alibaba\druid\pool\vendor\MSSQLValidConnectionChecker.java,java,promise_professional,23,9,0,23,13,2,30,61,61,32,122,732,2.033333333333333,1488.3999999999999,0,0,0,0,0,0,2.0,1,2,2,0,1,0,2,61,4,0.08695652173913043,0,0,4,2,30,2,61,61,3,11,0,30.5,3
GitIntel,GitIntelProject\repo\druid\core\src\main\java\com\alibaba\druid\pool\vendor\MySqlExceptionSorter.java,java,promise_professional,79,20,6,79,69,2,176,353,353,178,706,5648,2.0056818181818183,11328.09090909091,0,0,0,0,0,0,20.0,10,2,2,0,1,0,38,353,40,0.25316455696202533,0,0,40,2,176,2,353,353,2,67,0,176.5,39
GitIntel,GitIntelProject\repo\druid\core\src\main\java\com\alibaba\druid\pool\vendor\MySqlValidConnectionChecker.java,java,promise_professional,48,15,0,48,31,5,76,152,152,81,304,2128,5.0,10640.0,0,0,0,0,0,0,2.2,1,5,5,0,1,0,6,152,11,0.04583333333333334,0,0,11,5,76,5,152,152,5,11,0,30.4,4
GitIntel,GitIntelProject\repo\druid\core\src\main\java\com\alibaba\druid\pool\vendor\NullExceptionSorter.java,java,promise_professional,16,7,0,16,8,3,12,25,25,15,50,200,3.125,625.0,0,0,0,0,0,0,1.0,1,3,3,0,1,0,0,25,3,0.0625,0,0,3,3,12,3,25,25,2,3,0,8.333333333333334,1
GitIntel,GitIntelProject\repo\druid\core\src\main\java\com\alibaba\druid\pool\vendor\OceanBaseOracleExceptionSorter.java,java,promise_professional,104,8,7,104,95,4,210,421,421,214,842,6736,4.0095238095238095,27008.152380952382,0,0,0,0,0,0,17.5,8,4,4,0,1,0,66,421,70,0.16826923076923078,0,0,70,4,210,4,421,421,2,86,0,105.25,67
GitIntel,GitIntelProject\repo\druid\core\src\main\java\com\alibaba\druid\pool\vendor\OceanBaseValidConnectionChecker.java,java,promise_professional,34,9,0,34,23,2,58,116,116,60,232,1392,2.0,2784.0,0,0,0,0,0,0,2.0,1,3,3,0,1,0,3,116,6,0.058823529411764705,0,0,6,3,58,2,116,116,4,15,0,38.666666666666664,4
