package,loc,lloc,sloc,comments,blank,file_count
kafka.docker,164,164,164,16,41,1
kafka.examples,784,784,784,279,113,8
kafka.security,372,372,372,45,60,2
kafka.security.minikdc,395,395,395,97,58,2
kafka.server,526,526,526,179,99,6
kafka.server.builders,424,424,424,51,77,3
kafka.server.handlers,571,571,571,55,60,2
kafka.server.logger,189,189,189,35,28,2
kafka.server.share,16478,16478,16478,2925,3191,13
main.resources.archetype-resources.src.main.java,125,125,125,68,30,3
org.apache.kafka.admin,534,534,534,39,92,1
org.apache.kafka.api,170,170,170,32,29,1
org.apache.kafka.clients,9647,9647,9647,2567,1793,45
org.apache.kafka.clients.admin,24392,24392,24392,8613,4974,210
org.apache.kafka.clients.admin.internals,9544,9544,9544,1526,1695,59
org.apache.kafka.clients.consumer,16763,16763,16763,5600,3379,67
org.apache.kafka.clients.consumer.internals,60058,60058,60058,11288,11773,161
org.apache.kafka.clients.consumer.internals.events,2387,2387,2387,1428,656,55
org.apache.kafka.clients.consumer.internals.metrics,1174,1174,1174,319,250,15
org.apache.kafka.clients.producer,6733,6733,6733,1930,1237,25
org.apache.kafka.clients.producer.internals,13797,13797,13797,2798,2996,29
org.apache.kafka.clients.security,375,375,375,19,51,1
org.apache.kafka.common,2287,2287,2287,1346,499,37
org.apache.kafka.common.acl,744,744,744,464,197,13
org.apache.kafka.common.annotation,16,16,16,53,5,2
org.apache.kafka.common.cache,121,121,121,117,39,5
org.apache.kafka.common.compress,1364,1364,1364,458,312,15
org.apache.kafka.common.config,4019,4019,4019,1298,725,22
org.apache.kafka.common.config.internals,219,219,219,53,35,2
org.apache.kafka.common.config.provider,809,809,809,277,190,11
org.apache.kafka.common.config.types,27,27,27,53,9,2
org.apache.kafka.common.errors,1707,1707,1707,2902,785,152
org.apache.kafka.common.feature,366,366,366,204,87,6
org.apache.kafka.common.header,15,15,15,110,15,3
org.apache.kafka.common.header.internals,383,383,383,51,118,3
org.apache.kafka.common.internals,1359,1359,1359,812,314,19
org.apache.kafka.common.memory,362,362,362,155,83,5
org.apache.kafka.common.message,1438,1438,1438,144,232,6
org.apache.kafka.common.metrics,2572,2572,2572,1171,589,29
org.apache.kafka.common.metrics.internals,482,482,482,172,89,6
org.apache.kafka.common.metrics.stats,1247,1247,1247,672,281,24
org.apache.kafka.common.network,7563,7563,7563,2674,1380,49
org.apache.kafka.common.protocol,2189,2189,2189,603,368,22
org.apache.kafka.common.protocol.types,2668,2668,2668,499,478,16
org.apache.kafka.common.quota,169,169,169,192,56,5
org.apache.kafka.common.record,9002,9002,9002,2517,1919,57
org.apache.kafka.common.replica,274,274,274,173,76,7
org.apache.kafka.common.requests,23083,23083,23083,5450,4597,250
org.apache.kafka.common.resource,320,320,320,302,100,7
org.apache.kafka.common.security,645,645,645,195,123,7
org.apache.kafka.common.security.auth,438,438,438,549,174,17
org.apache.kafka.common.security.authenticator,4578,4578,4578,1098,725,20
org.apache.kafka.common.security.kerberos,828,828,828,328,140,11
org.apache.kafka.common.security.oauthbearer,2504,2504,2504,1562,623,34
org.apache.kafka.common.security.oauthbearer.internals,973,973,973,352,191,10
org.apache.kafka.common.security.oauthbearer.internals.expiring,859,859,859,472,128,5
org.apache.kafka.common.security.oauthbearer.internals.secured,2680,2680,2680,1243,827,32
org.apache.kafka.common.security.oauthbearer.internals.secured.assertion,662,662,662,490,182,13
org.apache.kafka.common.security.oauthbearer.internals.unsecured,1385,1385,1385,633,197,13
org.apache.kafka.common.security.plain,57,57,57,73,20,3
org.apache.kafka.common.security.plain.internals,264,264,264,99,70,4
org.apache.kafka.common.security.scram,97,97,97,124,32,5
org.apache.kafka.common.security.scram.internals,1465,1465,1465,356,284,14
org.apache.kafka.common.security.ssl,2679,2679,2679,513,380,13
org.apache.kafka.common.security.ssl.mock,198,198,198,128,81,8
org.apache.kafka.common.security.token.delegation,152,152,152,60,37,3
org.apache.kafka.common.security.token.delegation.internals,99,99,99,39,27,2
org.apache.kafka.common.serialization,1758,1758,1758,783,342,34
org.apache.kafka.common.telemetry,142,142,142,84,53,2
org.apache.kafka.common.telemetry.internals,3600,3600,3600,1091,825,22
org.apache.kafka.common.test,2271,2271,2271,397,343,14
org.apache.kafka.common.test.api,532,532,532,311,124,14
org.apache.kafka.common.test.junit,1427,1427,1427,310,255,10
org.apache.kafka.common.utils,8157,8157,8157,3323,1627,76
org.apache.kafka.common.utils.annotation,128,128,128,48,43,3
org.apache.kafka.config,8,8,8,54,6,1
org.apache.kafka.connect.cli,365,365,365,131,87,4
org.apache.kafka.connect.components,5,5,5,43,3,2
org.apache.kafka.connect.connector,272,272,272,296,81,7
org.apache.kafka.connect.connector.policy,324,324,324,281,114,12
org.apache.kafka.connect.converters,719,719,719,377,195,19
org.apache.kafka.connect.data,4712,4712,4712,1292,815,24
org.apache.kafka.connect.errors,98,98,98,171,34,9
org.apache.kafka.connect.file,937,937,937,178,187,8
org.apache.kafka.connect.file.integration,269,269,269,69,71,2
org.apache.kafka.connect.header,1058,1058,1058,401,216,7
org.apache.kafka.connect.health,184,184,184,263,57,8
org.apache.kafka.connect.integration,8128,8128,8128,2039,1678,34
org.apache.kafka.connect.json,1759,1759,1759,283,275,8
org.apache.kafka.connect.mirror,8253,8253,8253,1814,1452,61
org.apache.kafka.connect.mirror.clients.admin,118,118,118,75,26,2
org.apache.kafka.connect.mirror.formatters,33,33,33,48,15,3
org.apache.kafka.connect.mirror.integration,1903,1903,1903,408,351,7
org.apache.kafka.connect.mirror.rest,44,44,44,16,12,1
org.apache.kafka.connect.mirror.rest.resources,43,43,43,16,11,1
org.apache.kafka.connect.rest,17,17,17,99,14,3
org.apache.kafka.connect.rest.basic.auth.extension,615,615,615,128,143,5
org.apache.kafka.connect.runtime,22440,22440,22440,3984,4357,80
org.apache.kafka.connect.runtime.distributed,11133,11133,11133,2159,2098,26
org.apache.kafka.connect.runtime.errors,1480,1480,1480,510,340,13
org.apache.kafka.connect.runtime.health,171,171,171,48,35,3
org.apache.kafka.connect.runtime.isolation,4983,4983,4983,1130,801,28
org.apache.kafka.connect.runtime.rest,2129,2129,2129,457,460,13
org.apache.kafka.connect.runtime.rest.entities,506,506,506,412,140,22
org.apache.kafka.connect.runtime.rest.errors,97,97,97,51,32,3
org.apache.kafka.connect.runtime.rest.resources,2370,2370,2370,249,432,11
org.apache.kafka.connect.runtime.rest.util,249,249,249,59,58,2
org.apache.kafka.connect.runtime.standalone,1692,1692,1692,177,330,5
org.apache.kafka.connect.sink,399,399,399,549,116,9
org.apache.kafka.connect.source,386,386,386,478,107,11
org.apache.kafka.connect.storage,6899,6899,6899,2117,1393,41
org.apache.kafka.connect.test.util,35,35,35,72,16,2
org.apache.kafka.connect.tools,832,832,832,286,185,14
org.apache.kafka.connect.transforms,5521,5521,5521,696,1191,33
org.apache.kafka.connect.transforms.field,435,435,435,172,85,5
org.apache.kafka.connect.transforms.predicates,278,278,278,155,81,7
org.apache.kafka.connect.transforms.util,136,136,136,99,50,6
org.apache.kafka.connect.util,4526,4526,4526,1505,780,34
org.apache.kafka.connect.util.clusters,1873,1873,1873,905,275,8
org.apache.kafka.controller,20496,20496,20496,3276,2596,67
org.apache.kafka.controller.errors,431,431,431,142,83,5
org.apache.kafka.controller.metrics,1692,1692,1692,206,238,10
org.apache.kafka.coordinator.common.runtime,9929,9929,9929,3691,2105,59
org.apache.kafka.coordinator.group,45423,45423,45423,6395,6874,36
org.apache.kafka.coordinator.group.api.assignor,103,103,103,306,51,11
org.apache.kafka.coordinator.group.assignor,4226,4226,4226,1252,841,15
org.apache.kafka.coordinator.group.classic,2696,2696,2696,871,507,5
org.apache.kafka.coordinator.group.metrics,971,971,971,226,177,6
org.apache.kafka.coordinator.group.modern,2475,2475,2475,928,524,17
org.apache.kafka.coordinator.group.modern.consumer,4498,4498,4498,919,719,9
org.apache.kafka.coordinator.group.modern.share,1408,1408,1408,345,285,9
org.apache.kafka.coordinator.group.streams,6051,6051,6051,1320,1020,23
org.apache.kafka.coordinator.group.streams.assignor,2170,2170,2170,470,420,16
org.apache.kafka.coordinator.group.streams.topics,1742,1742,1742,435,314,18
org.apache.kafka.coordinator.share,6710,6710,6710,812,1109,16
org.apache.kafka.coordinator.share.metrics,259,259,259,86,63,4
org.apache.kafka.coordinator.transaction,1560,1560,1560,452,306,14
org.apache.kafka.deferred,147,147,147,85,27,3
org.apache.kafka.image,4540,4540,4540,1054,883,45
org.apache.kafka.image.loader,1970,1970,1970,358,254,8
org.apache.kafka.image.loader.metrics,430,430,430,95,62,2
org.apache.kafka.image.node,1293,1293,1293,654,355,33
org.apache.kafka.image.node.printer,226,226,226,113,73,5
org.apache.kafka.image.publisher,947,947,947,302,171,9
org.apache.kafka.image.publisher.metrics,144,144,144,40,31,2
org.apache.kafka.image.writer,434,434,434,230,113,11
org.apache.kafka.jmh.acl,265,265,265,42,45,2
org.apache.kafka.jmh.assignor,1196,1196,1196,285,297,8
org.apache.kafka.jmh.cache,47,47,47,22,18,1
org.apache.kafka.jmh.common,464,464,464,116,103,7
org.apache.kafka.jmh.connect,692,692,692,56,77,3
org.apache.kafka.jmh.consumer,69,69,69,16,12,1
org.apache.kafka.jmh.coordinator,544,544,544,68,95,4
org.apache.kafka.jmh.core,360,360,360,36,64,1
org.apache.kafka.jmh.fetcher,290,290,290,20,35,1
org.apache.kafka.jmh.fetchsession,93,93,93,18,17,1
org.apache.kafka.jmh.log,458,458,458,33,67,2
org.apache.kafka.jmh.metadata,422,422,422,74,51,4
org.apache.kafka.jmh.metrics,70,70,70,37,16,1
org.apache.kafka.jmh.partition,275,275,275,37,32,2
org.apache.kafka.jmh.producer,292,292,292,69,50,4
org.apache.kafka.jmh.record,248,248,248,71,50,4
org.apache.kafka.jmh.server,306,306,306,32,47,2
org.apache.kafka.jmh.storage,73,73,73,16,11,1
org.apache.kafka.jmh.timeline,66,66,66,16,10,1
org.apache.kafka.jmh.util,658,658,658,132,81,3
org.apache.kafka.logger,25,25,25,20,10,1
org.apache.kafka.message,6613,6613,6613,921,756,35
org.apache.kafka.message.checker,1265,1265,1265,326,169,15
org.apache.kafka.metadata,4409,4409,4409,1211,754,47
org.apache.kafka.metadata.authorizer,2239,2239,2239,503,368,15
org.apache.kafka.metadata.bootstrap,390,390,390,80,69,4
org.apache.kafka.metadata.placement,660,660,660,417,126,11
org.apache.kafka.metadata.properties,1335,1335,1335,341,202,8
org.apache.kafka.metadata.publisher,257,257,257,101,39,5
org.apache.kafka.metadata.storage,1372,1372,1372,146,151,5
org.apache.kafka.metadata.util,574,574,574,119,94,6
org.apache.kafka.network,1225,1225,1225,148,92,8
org.apache.kafka.network.metrics,188,188,188,58,32,2
org.apache.kafka.queue,891,891,891,263,132,3
org.apache.kafka.raft,29676,29676,29676,4338,5222,86
org.apache.kafka.raft.errors,34,34,34,58,17,3
org.apache.kafka.raft.internals,5390,5390,5390,1411,1051,39
org.apache.kafka.security,126,126,126,35,24,2
org.apache.kafka.security.authorizer,175,175,175,48,32,3
org.apache.kafka.server,5050,5050,5050,991,908,33
org.apache.kafka.server.authorizer,277,277,277,363,95,8
org.apache.kafka.server.common,2102,2102,2102,817,504,28
org.apache.kafka.server.common.serialization,121,121,121,134,30,4
org.apache.kafka.server.config,1076,1076,1076,354,235,15
org.apache.kafka.server.fault,220,220,220,170,68,7
org.apache.kafka.server.immutable,151,151,151,167,49,4
org.apache.kafka.server.immutable.pcollections,1286,1286,1286,158,254,6
org.apache.kafka.server.log,104,104,104,16,13,1
org.apache.kafka.server.log.remote,8,8,8,27,6,1
org.apache.kafka.server.log.remote.metadata.storage,3603,3603,3603,999,647,25
org.apache.kafka.server.log.remote.metadata.storage.serialization,409,409,409,173,86,9
org.apache.kafka.server.log.remote.quota,232,232,232,103,62,5
org.apache.kafka.server.log.remote.storage,8323,8323,8323,2397,1584,44
org.apache.kafka.server.logger,147,147,147,104,38,5
org.apache.kafka.server.metrics,1754,1754,1754,593,413,25
org.apache.kafka.server.mutable,337,337,337,58,63,3
org.apache.kafka.server.network,372,372,372,130,59,5
org.apache.kafka.server.policy,132,132,132,152,37,4
org.apache.kafka.server.purgatory,1808,1808,1808,521,363,15
org.apache.kafka.server.quota,1864,1864,1864,820,419,21
org.apache.kafka.server.record,62,62,62,32,19,2
org.apache.kafka.server.replica,433,433,433,94,69,3
org.apache.kafka.server.share,273,273,273,137,77,5
org.apache.kafka.server.share.acknowledge,16,16,16,25,4,1
org.apache.kafka.server.share.context,232,232,232,114,47,3
org.apache.kafka.server.share.fetch,1166,1166,1166,809,264,20
org.apache.kafka.server.share.metrics,187,187,187,81,45,2
org.apache.kafka.server.share.persister,7612,7612,7612,1142,1552,33
org.apache.kafka.server.share.session,472,472,472,224,111,6
org.apache.kafka.server.storage.log,163,163,163,70,28,4
org.apache.kafka.server.telemetry,20,20,20,117,18,4
org.apache.kafka.server.transaction,703,703,703,86,113,2
org.apache.kafka.server.util,2656,2656,2656,831,517,28
org.apache.kafka.server.util.json,240,240,240,96,51,4
org.apache.kafka.server.util.timer,814,814,814,344,186,12
org.apache.kafka.shell,417,417,417,73,62,3
org.apache.kafka.shell.command,1327,1327,1327,376,273,17
org.apache.kafka.shell.glob,446,446,446,82,63,4
org.apache.kafka.shell.node,51,51,51,47,17,2
org.apache.kafka.shell.node.printer,31,31,31,19,12,1
org.apache.kafka.shell.state,59,59,59,38,21,2
org.apache.kafka.snapshot,1703,1703,1703,507,399,18
org.apache.kafka.storage.internals.checkpoint,681,681,681,280,193,13
org.apache.kafka.storage.internals.epoch,341,341,341,140,56,1
org.apache.kafka.storage.internals.log,16403,16403,16403,5706,3018,106
org.apache.kafka.storage.internals.utils,129,129,129,59,35,2
org.apache.kafka.storage.log.metrics,514,514,514,60,116,2
org.apache.kafka.streams,15670,15670,15670,3893,2626,41
org.apache.kafka.streams.errors,839,839,839,1278,287,34
org.apache.kafka.streams.errors.internals,156,156,156,77,35,3
org.apache.kafka.streams.examples.docs,136,136,136,22,27,1
org.apache.kafka.streams.examples.pageview,272,272,272,118,68,3
org.apache.kafka.streams.examples.pipe,36,36,36,29,11,1
org.apache.kafka.streams.examples.temperature,62,62,62,51,17,1
org.apache.kafka.streams.examples.wordcount,440,440,440,185,98,6
org.apache.kafka.streams.integration,27618,27618,27618,2244,4543,81
org.apache.kafka.streams.integration.utils,1363,1363,1363,433,168,3
org.apache.kafka.streams.internals,517,517,517,154,131,8
org.apache.kafka.streams.internals.metrics,658,658,658,134,142,8
org.apache.kafka.streams.kstream,4666,4666,4666,10381,1250,73
org.apache.kafka.streams.kstream.internals,32036,32036,32036,5632,5862,168
org.apache.kafka.streams.kstream.internals.emitstrategy,16,16,16,38,7,2
org.apache.kafka.streams.kstream.internals.foreignkeyjoin,3248,3248,3248,463,607,20
org.apache.kafka.streams.kstream.internals.graph,2458,2458,2458,629,541,33
org.apache.kafka.streams.kstream.internals.suppress,1125,1125,1125,255,229,12
org.apache.kafka.streams.processor,1034,1034,1034,1676,326,31
org.apache.kafka.streams.processor.api,653,653,653,1059,195,18
org.apache.kafka.streams.processor.assignment,1122,1122,1122,570,213,10
org.apache.kafka.streams.processor.assignment.assignors,381,381,381,41,71,2
org.apache.kafka.streams.processor.internals,57333,57333,57333,6146,10855,165
org.apache.kafka.streams.processor.internals.assignment,14416,14416,14416,1464,2232,55
org.apache.kafka.streams.processor.internals.metrics,3944,3944,3944,220,528,12
org.apache.kafka.streams.processor.internals.namedtopology,462,462,462,250,96,6
org.apache.kafka.streams.processor.internals.tasks,1124,1124,1124,275,299,7
org.apache.kafka.streams.processor.internals.testutil,46,46,46,35,12,2
org.apache.kafka.streams.query,1089,1089,1089,923,310,23
org.apache.kafka.streams.query.internals,138,138,138,160,47,4
org.apache.kafka.streams.state,2050,2050,2050,2485,495,40
org.apache.kafka.streams.state.internals,48898,48898,48898,6920,8793,260
org.apache.kafka.streams.state.internals.metrics,3479,3479,3479,204,421,12
org.apache.kafka.streams.test,684,684,684,164,137,5
org.apache.kafka.streams.test.wordcount,167,167,167,48,39,2
org.apache.kafka.streams.tests,24023,24023,24023,2651,4600,126
org.apache.kafka.streams.utils,300,300,300,61,68,2
org.apache.kafka.test,4744,4744,4744,1232,1005,55
org.apache.kafka.tiered.storage,804,804,804,101,123,5
org.apache.kafka.tiered.storage.actions,1035,1035,1035,407,228,22
org.apache.kafka.tiered.storage.integration,901,901,901,539,182,19
org.apache.kafka.tiered.storage.specs,277,277,277,246,88,13
org.apache.kafka.tiered.storage.utils,473,473,473,186,69,5
org.apache.kafka.timeline,2300,2300,2300,691,421,20
org.apache.kafka.tools,26319,26319,26319,2062,4448,75
org.apache.kafka.tools.api,61,61,61,163,26,8
org.apache.kafka.tools.consumer,3847,3847,3847,459,642,23
org.apache.kafka.tools.consumer.group,6829,6829,6829,463,1010,19
org.apache.kafka.tools.consumer.group.share,228,228,228,37,24,2
org.apache.kafka.tools.filter,150,150,150,73,44,4
org.apache.kafka.tools.other,377,377,377,33,67,1
org.apache.kafka.tools.reassign,2838,2838,2838,676,464,14
org.apache.kafka.tools.streams,3520,3520,3520,299,523,8
org.apache.kafka.trogdor.agent,1431,1431,1431,262,206,5
org.apache.kafka.trogdor.basic,236,236,236,67,49,4
org.apache.kafka.trogdor.common,1356,1356,1356,476,242,16
org.apache.kafka.trogdor.coordinator,2069,2069,2069,401,278,7
org.apache.kafka.trogdor.fault,659,659,659,237,166,12
org.apache.kafka.trogdor.rest,1026,1026,1026,729,297,32
org.apache.kafka.trogdor.task,249,249,249,304,96,12
org.apache.kafka.trogdor.workload,5506,5506,5506,1808,1071,54
test.plugins,1528,1528,1528,910,524,43
