loc,sloc,comment_lines,blank_lines,file
22,5,15,2,core\src\main\java\com\alibaba\druid\Constants.java
166,117,12,37,core\src\main\java\com\alibaba\druid\DbType.java
37,16,15,6,core\src\main\java\com\alibaba\druid\DruidRuntimeException.java
10,8,0,2,core\src\main\java\com\alibaba\druid\FastsqlColumnAmbiguousException.java
37,16,15,6,core\src\main\java\com\alibaba\druid\FastsqlException.java
23,5,15,3,core\src\main\java\com\alibaba\druid\TransactionTimeoutException.java
26,9,15,2,core\src\main\java\com\alibaba\druid\VERSION.java
31,10,18,3,core\src\main\java\com\alibaba\druid\filter\AutoLoad.java
1378,858,23,497,core\src\main\java\com\alibaba\druid\filter\Filter.java
2891,2367,26,498,core\src\main\java\com\alibaba\druid\filter\FilterAdapter.java
1192,671,25,496,core\src\main\java\com\alibaba\druid\filter\FilterChain.java
5287,4504,25,758,core\src\main\java\com\alibaba\druid\filter\FilterChainImpl.java
541,404,18,119,core\src\main\java\com\alibaba\druid\filter\FilterEventAdapter.java
170,125,15,30,core\src\main\java\com\alibaba\druid\filter\FilterManager.java
278,165,74,39,core\src\main\java\com\alibaba\druid\filter\config\ConfigFilter.java
210,157,18,35,core\src\main\java\com\alibaba\druid\filter\config\ConfigTools.java
78,27,42,9,core\src\main\java\com\alibaba\druid\filter\encoding\CharsetConvert.java
55,20,26,9,core\src\main\java\com\alibaba\druid\filter\encoding\CharsetParameter.java
645,528,26,91,core\src\main\java\com\alibaba\druid\filter\encoding\EncodingConvertFilter.java
161,117,18,26,core\src\main\java\com\alibaba\druid\filter\logging\CommonsLogFilter.java
22,3,18,1,core\src\main\java\com\alibaba\druid\filter\logging\CommonsLogFilterMBean.java
153,109,18,26,core\src\main\java\com\alibaba\druid\filter\logging\Log4j2Filter.java
19,3,15,1,core\src\main\java\com\alibaba\druid\filter\logging\Log4j2FilterMBean.java
153,109,18,26,core\src\main\java\com\alibaba\druid\filter\logging\Log4jFilter.java
22,3,18,1,core\src\main\java\com\alibaba\druid\filter\logging\Log4jFilterMBean.java
973,784,19,170,core\src\main\java\com\alibaba\druid\filter\logging\LogFilter.java
146,62,21,63,core\src\main\java\com\alibaba\druid\filter\logging\LogFilterMBean.java
160,115,15,30,core\src\main\java\com\alibaba\druid\filter\logging\Slf4jLogFilter.java
152,108,17,27,core\src\main\java\com\alibaba\druid\filter\mysql8datetime\MySQL8DateTimeResultSetMetaData.java
81,28,47,6,core\src\main\java\com\alibaba\druid\filter\mysql8datetime\MySQL8DateTimeSqlTypeFilter.java
35,17,15,3,core\src\main\java\com\alibaba\druid\filter\stat\MergeStatFilter.java
1135,875,23,237,core\src\main\java\com\alibaba\druid\filter\stat\StatFilter.java
140,103,15,22,core\src\main\java\com\alibaba\druid\filter\stat\StatFilterContext.java
46,17,15,14,core\src\main\java\com\alibaba\druid\filter\stat\StatFilterContextListener.java
75,45,15,15,core\src\main\java\com\alibaba\druid\filter\stat\StatFilterContextListenerAdapter.java
35,10,18,7,core\src\main\java\com\alibaba\druid\filter\stat\StatFilterMBean.java
83,53,15,15,core\src\main\java\com\alibaba\druid\mock\MockArray.java
84,55,15,14,core\src\main\java\com\alibaba\druid\mock\MockBlob.java
661,510,15,136,core\src\main\java\com\alibaba\druid\mock\MockCallableStatement.java
100,67,15,18,core\src\main\java\com\alibaba\druid\mock\MockClob.java
486,355,17,114,core\src\main\java\com\alibaba\druid\mock\MockConnection.java
26,8,15,3,core\src\main\java\com\alibaba\druid\mock\MockConnectionClosedException.java
325,232,16,77,core\src\main\java\com\alibaba\druid\mock\MockDriver.java
42,15,15,12,core\src\main\java\com\alibaba\druid\mock\MockDriverMBean.java
21,4,15,2,core\src\main\java\com\alibaba\druid\mock\MockNClob.java
163,115,15,33,core\src\main\java\com\alibaba\druid\mock\MockParameterMetaData.java
91,55,15,21,core\src\main\java\com\alibaba\druid\mock\MockPreparedStatement.java
50,27,15,8,core\src\main\java\com\alibaba\druid\mock\MockRef.java
96,65,15,16,core\src\main\java\com\alibaba\druid\mock\MockResultSet.java
26,7,15,4,core\src\main\java\com\alibaba\druid\mock\MockResultSetMetaData.java
39,17,15,7,core\src\main\java\com\alibaba\druid\mock\MockRowId.java
40,18,15,7,core\src\main\java\com\alibaba\druid\mock\MockSavepoint.java
72,45,15,12,core\src\main\java\com\alibaba\druid\mock\MockSQLXML.java
99,63,15,21,core\src\main\java\com\alibaba\druid\mock\MockStatement.java
23,6,15,2,core\src\main\java\com\alibaba\druid\mock\MockStatementBase.java
38,18,15,5,core\src\main\java\com\alibaba\druid\mock\MockStruct.java
25,7,15,3,core\src\main\java\com\alibaba\druid\mock\handler\MockExecuteHandler.java
162,120,15,27,core\src\main\java\com\alibaba\druid\mock\handler\MySqlMockExecuteHandlerImpl.java
27,8,15,4,core\src\main\java\com\alibaba\druid\pool\DataSourceClosedException.java
35,14,15,6,core\src\main\java\com\alibaba\druid\pool\DataSourceDisableException.java
27,8,15,4,core\src\main\java\com\alibaba\druid\pool\DataSourceNotAvailableException.java
2388,1856,99,433,core\src\main\java\com\alibaba\druid\pool\DruidAbstractDataSource.java
175,82,15,78,core\src\main\java\com\alibaba\druid\pool\DruidAbstractDataSourceMBean.java
476,374,24,78,core\src\main\java\com\alibaba\druid\pool\DruidConnectionHolder.java
3984,3236,115,633,core\src\main\java\com\alibaba\druid\pool\DruidDataSource.java
489,359,18,112,core\src\main\java\com\alibaba\druid\pool\DruidDataSourceC3P0Adapter.java
70,28,16,26,core\src\main\java\com\alibaba\druid\pool\DruidDataSourceC3P0AdapterMBean.java
413,342,17,54,core\src\main\java\com\alibaba\druid\pool\DruidDataSourceFactory.java
92,39,18,35,core\src\main\java\com\alibaba\druid\pool\DruidDataSourceMBean.java
38,9,23,6,core\src\main\java\com\alibaba\druid\pool\DruidDataSourceStatLogger.java
43,17,19,7,core\src\main\java\com\alibaba\druid\pool\DruidDataSourceStatLoggerAdapter.java
249,176,22,51,core\src\main\java\com\alibaba\druid\pool\DruidDataSourceStatLoggerImpl.java
576,425,16,135,core\src\main\java\com\alibaba\druid\pool\DruidDataSourceStatValue.java
1078,936,18,124,core\src\main\java\com\alibaba\druid\pool\DruidPooledCallableStatement.java
1298,985,40,273,core\src\main\java\com\alibaba\druid\pool\DruidPooledConnection.java
1077,854,20,203,core\src\main\java\com\alibaba\druid\pool\DruidPooledPreparedStatement.java
1770,1551,18,201,core\src\main\java\com\alibaba\druid\pool\DruidPooledResultSet.java
890,696,19,175,core\src\main\java\com\alibaba\druid\pool\DruidPooledStatement.java
333,255,18,60,core\src\main\java\com\alibaba\druid\pool\DruidStatementConnection.java
34,7,24,3,core\src\main\java\com\alibaba\druid\pool\ExceptionSorter.java
31,11,15,5,core\src\main\java\com\alibaba\druid\pool\GetConnectionTimeoutException.java
41,16,22,3,core\src\main\java\com\alibaba\druid\pool\JDBC4ValidConnectionChecker.java
29,9,15,5,core\src\main\java\com\alibaba\druid\pool\ManagedDataSource.java
104,65,20,19,core\src\main\java\com\alibaba\druid\pool\PoolableWrapper.java
111,68,18,25,core\src\main\java\com\alibaba\druid\pool\PreparedStatementHolder.java
202,150,18,34,core\src\main\java\com\alibaba\druid\pool\PreparedStatementPool.java
29,7,19,3,core\src\main\java\com\alibaba\druid\pool\ValidConnectionChecker.java
82,55,20,7,core\src\main\java\com\alibaba\druid\pool\ValidConnectionCheckerAdapter.java
44,21,15,8,core\src\main\java\com\alibaba\druid\pool\WrapperAdapter.java
78,44,20,14,core\src\main\java\com\alibaba\druid\pool\ha\DataSourceCreator.java
558,424,27,107,core\src\main\java\com\alibaba\druid\pool\ha\HighAvailableDataSource.java
112,77,26,9,core\src\main\java\com\alibaba\druid\pool\ha\PropertiesUtils.java
151,105,34,12,core\src\main\java\com\alibaba\druid\pool\ha\node\FileNodeListener.java
132,88,25,19,core\src\main\java\com\alibaba\druid\pool\ha\node\NodeEvent.java
25,4,20,1,core\src\main\java\com\alibaba\druid\pool\ha\node\NodeEventTypeEnum.java
116,58,41,17,core\src\main\java\com\alibaba\druid\pool\ha\node\NodeListener.java
270,214,29,27,core\src\main\java\com\alibaba\druid\pool\ha\node\PoolUpdater.java
89,50,26,13,core\src\main\java\com\alibaba\druid\pool\ha\node\ZookeeperNodeInfo.java
327,240,65,22,core\src\main\java\com\alibaba\druid\pool\ha\node\ZookeeperNodeListener.java
179,124,40,15,core\src\main\java\com\alibaba\druid\pool\ha\node\ZookeeperNodeRegister.java
53,9,38,6,core\src\main\java\com\alibaba\druid\pool\ha\selector\DataSourceSelector.java
68,35,25,8,core\src\main\java\com\alibaba\druid\pool\ha\selector\DataSourceSelectorEnum.java
39,12,25,2,core\src\main\java\com\alibaba\druid\pool\ha\selector\DataSourceSelectorFactory.java
98,63,20,15,core\src\main\java\com\alibaba\druid\pool\ha\selector\NamedDataSourceSelector.java
126,88,22,16,core\src\main\java\com\alibaba\druid\pool\ha\selector\RandomDataSourceRecoverThread.java
293,228,24,41,core\src\main\java\com\alibaba\druid\pool\ha\selector\RandomDataSourceSelector.java
53,27,20,6,core\src\main\java\com\alibaba\druid\pool\ha\selector\RandomDataSourceValidateFilter.java
314,253,26,35,core\src\main\java\com\alibaba\druid\pool\ha\selector\RandomDataSourceValidateThread.java
55,26,20,9,core\src\main\java\com\alibaba\druid\pool\ha\selector\StickyDataSourceHolder.java
93,58,22,13,core\src\main\java\com\alibaba\druid\pool\ha\selector\StickyRandomDataSourceSelector.java
38,31,3,4,core\src\main\java\com\alibaba\druid\pool\vendor\AbstractOracleExceptionSorter.java
58,35,16,7,core\src\main\java\com\alibaba\druid\pool\vendor\DB2ExceptionSorter.java
61,37,15,9,core\src\main\java\com\alibaba\druid\pool\vendor\InformixExceptionSorter.java
38,17,15,6,core\src\main\java\com\alibaba\druid\pool\vendor\MockExceptionSorter.java
49,23,18,8,core\src\main\java\com\alibaba\druid\pool\vendor\MSSQLValidConnectionChecker.java
119,79,21,19,core\src\main\java\com\alibaba\druid\pool\vendor\MySqlExceptionSorter.java
86,48,24,14,core\src\main\java\com\alibaba\druid\pool\vendor\MySqlValidConnectionChecker.java
37,16,15,6,core\src\main\java\com\alibaba\druid\pool\vendor\NullExceptionSorter.java
118,104,7,7,core\src\main\java\com\alibaba\druid\pool\vendor\OceanBaseOracleExceptionSorter.java
64,34,22,8,core\src\main\java\com\alibaba\druid\pool\vendor\OceanBaseValidConnectionChecker.java
133,92,24,17,core\src\main\java\com\alibaba\druid\pool\vendor\OracleExceptionSorter.java
69,41,15,13,core\src\main\java\com\alibaba\druid\pool\vendor\OracleValidConnectionChecker.java
48,24,16,8,core\src\main\java\com\alibaba\druid\pool\vendor\PGExceptionSorter.java
50,24,18,8,core\src\main\java\com\alibaba\druid\pool\vendor\PGValidConnectionChecker.java
48,20,21,7,core\src\main\java\com\alibaba\druid\pool\vendor\PhoenixExceptionSorter.java
56,31,15,10,core\src\main\java\com\alibaba\druid\pool\vendor\SybaseExceptionSorter.java
73,44,15,14,core\src\main\java\com\alibaba\druid\pool\xa\DruidPooledXAConnection.java
102,69,15,18,core\src\main\java\com\alibaba\druid\pool\xa\DruidXADataSource.java
82,50,16,16,core\src\main\java\com\alibaba\druid\pool\xa\JtdsXAConnection.java
122,85,15,22,core\src\main\java\com\alibaba\druid\pool\xa\JtdsXAResource.java
323,243,26,54,core\src\main\java\com\alibaba\druid\proxy\DruidDriver.java
37,11,18,8,core\src\main\java\com\alibaba\druid\proxy\DruidDriverMBean.java
25,5,18,2,core\src\main\java\com\alibaba\druid\proxy\jdbc\CallableStatementProxy.java
895,757,18,120,core\src\main\java\com\alibaba\druid\proxy\jdbc\CallableStatementProxyImpl.java
27,6,18,3,core\src\main\java\com\alibaba\druid\proxy\jdbc\ClobProxy.java
129,87,18,24,core\src\main\java\com\alibaba\druid\proxy\jdbc\ClobProxyImpl.java
39,13,18,8,core\src\main\java\com\alibaba\druid\proxy\jdbc\ConnectionProxy.java
553,455,18,80,core\src\main\java\com\alibaba\druid\proxy\jdbc\ConnectionProxyImpl.java
950,753,18,179,core\src\main\java\com\alibaba\druid\proxy\jdbc\DatabaseMetaDataProxyImpl.java
55,22,18,15,core\src\main\java\com\alibaba\druid\proxy\jdbc\DataSourceProxy.java
106,66,18,22,core\src\main\java\com\alibaba\druid\proxy\jdbc\DataSourceProxyConfig.java
378,289,18,71,core\src\main\java\com\alibaba\druid\proxy\jdbc\DataSourceProxyImpl.java
41,13,18,10,core\src\main\java\com\alibaba\druid\proxy\jdbc\DataSourceProxyImplMBean.java
48,22,18,8,core\src\main\java\com\alibaba\druid\proxy\jdbc\JdbcParameter.java
49,26,15,8,core\src\main\java\com\alibaba\druid\proxy\jdbc\JdbcParameterDate.java
69,41,15,13,core\src\main\java\com\alibaba\druid\proxy\jdbc\JdbcParameterDecimal.java
70,43,15,12,core\src\main\java\com\alibaba\druid\proxy\jdbc\JdbcParameterImpl.java
66,39,15,12,core\src\main\java\com\alibaba\druid\proxy\jdbc\JdbcParameterInt.java
66,39,15,12,core\src\main\java\com\alibaba\druid\proxy\jdbc\JdbcParameterLong.java
117,82,15,20,core\src\main\java\com\alibaba\druid\proxy\jdbc\JdbcParameterNull.java
50,26,15,9,core\src\main\java\com\alibaba\druid\proxy\jdbc\JdbcParameterString.java
49,26,15,8,core\src\main\java\com\alibaba\druid\proxy\jdbc\JdbcParameterTimestamp.java
22,5,15,2,core\src\main\java\com\alibaba\druid\proxy\jdbc\NClobProxy.java
32,13,15,4,core\src\main\java\com\alibaba\druid\proxy\jdbc\NClobProxyImpl.java
30,8,18,4,core\src\main\java\com\alibaba\druid\proxy\jdbc\PreparedStatementProxy.java
895,700,18,177,core\src\main\java\com\alibaba\druid\proxy\jdbc\PreparedStatementProxyImpl.java
29,6,18,5,core\src\main\java\com\alibaba\druid\proxy\jdbc\ResultSetMetaDataProxy.java
233,182,18,33,core\src\main\java\com\alibaba\druid\proxy\jdbc\ResultSetMetaDataProxyImpl.java
78,32,18,28,core\src\main\java\com\alibaba\druid\proxy\jdbc\ResultSetProxy.java
1658,1403,18,237,core\src\main\java\com\alibaba\druid\proxy\jdbc\ResultSetProxyImpl.java
23,7,15,1,core\src\main\java\com\alibaba\druid\proxy\jdbc\StatementExecuteType.java
63,25,18,20,core\src\main\java\com\alibaba\druid\proxy\jdbc\StatementProxy.java
585,477,19,89,core\src\main\java\com\alibaba\druid\proxy\jdbc\StatementProxyImpl.java
24,6,16,2,core\src\main\java\com\alibaba\druid\proxy\jdbc\TransactionInfo.java
38,12,18,8,core\src\main\java\com\alibaba\druid\proxy\jdbc\WrapperProxy.java
116,74,18,24,core\src\main\java\com\alibaba\druid\proxy\jdbc\WrapperProxyImpl.java
809,640,22,147,core\src\main\java\com\alibaba\druid\sql\PagerUtils.java
202,174,3,25,core\src\main\java\com\alibaba\druid\sql\SQLDialect.java
2554,2065,96,393,core\src\main\java\com\alibaba\druid\sql\SQLUtils.java
17,12,0,5,core\src\main\java\com\alibaba\druid\sql\ast\AutoIncrementType.java
6,5,0,1,core\src\main\java\com\alibaba\druid\sql\ast\ClusteringType.java
6,5,0,1,core\src\main\java\com\alibaba\druid\sql\ast\DistributedByType.java
33,27,0,6,core\src\main\java\com\alibaba\druid\sql\ast\SQLAdhocTableSource.java
112,92,0,20,core\src\main\java\com\alibaba\druid\sql\ast\SQLAnnIndex.java
66,36,18,12,core\src\main\java\com\alibaba\druid\sql\ast\SQLArgument.java
146,118,0,28,core\src\main\java\com\alibaba\druid\sql\ast\SQLArrayDataType.java
50,26,15,9,core\src\main\java\com\alibaba\druid\sql\ast\SQLCommentHint.java
39,32,0,7,core\src\main\java\com\alibaba\druid\sql\ast\SQLComputeIncrementalStatsStatement.java
85,68,0,17,core\src\main\java\com\alibaba\druid\sql\ast\SQLCurrentTimeExpr.java
36,28,0,8,core\src\main\java\com\alibaba\druid\sql\ast\SQLCurrentUserExpr.java
88,50,15,23,core\src\main\java\com\alibaba\druid\sql\ast\SQLDataType.java
542,419,17,106,core\src\main\java\com\alibaba\druid\sql\ast\SQLDataTypeImpl.java
57,46,0,11,core\src\main\java\com\alibaba\druid\sql\ast\SQLDataTypeRefExpr.java
22,5,15,2,core\src\main\java\com\alibaba\druid\sql\ast\SQLDbTypedObject.java
136,93,15,28,core\src\main\java\com\alibaba\druid\sql\ast\SQLDeclareItem.java
28,8,15,5,core\src\main\java\com\alibaba\druid\sql\ast\SQLExpr.java
33,24,0,9,core\src\main\java\com\alibaba\druid\sql\ast\SQLExprComparor.java
72,43,15,14,core\src\main\java\com\alibaba\druid\sql\ast\SQLExprImpl.java
20,4,15,1,core\src\main\java\com\alibaba\druid\sql\ast\SQLHint.java
11,7,0,4,core\src\main\java\com\alibaba\druid\sql\ast\SQLIndex.java
497,409,18,70,core\src\main\java\com\alibaba\druid\sql\ast\SQLIndexDefinition.java
201,161,8,32,core\src\main\java\com\alibaba\druid\sql\ast\SQLIndexOptions.java
27,21,0,6,core\src\main\java\com\alibaba\druid\sql\ast\SQLJSONValueExpr.java
68,40,15,13,core\src\main\java\com\alibaba\druid\sql\ast\SQLKeep.java
211,154,18,39,core\src\main\java\com\alibaba\druid\sql\ast\SQLLimit.java
152,121,0,31,core\src\main\java\com\alibaba\druid\sql\ast\SQLMapDataType.java
30,9,15,6,core\src\main\java\com\alibaba\druid\sql\ast\SQLName.java
71,33,15,23,core\src\main\java\com\alibaba\druid\sql\ast\SQLObject.java
314,239,15,60,core\src\main\java\com\alibaba\druid\sql\ast\SQLObjectImpl.java
22,5,15,2,core\src\main\java\com\alibaba\druid\sql\ast\SQLObjectWithDataType.java
136,94,16,26,core\src\main\java\com\alibaba\druid\sql\ast\SQLOrderBy.java
28,10,15,3,core\src\main\java\com\alibaba\druid\sql\ast\SQLOrderingSpecification.java
351,270,16,65,core\src\main\java\com\alibaba\druid\sql\ast\SQLOver.java
202,154,15,33,core\src\main\java\com\alibaba\druid\sql\ast\SQLParameter.java
15,12,0,3,core\src\main\java\com\alibaba\druid\sql\ast\SQLPartition.java
52,43,0,9,core\src\main\java\com\alibaba\druid\sql\ast\SQLPartitionBatch.java
158,116,15,27,core\src\main\java\com\alibaba\druid\sql\ast\SQLPartitionBy.java
73,43,16,14,core\src\main\java\com\alibaba\druid\sql\ast\SQLPartitionByHash.java
62,38,15,9,core\src\main\java\com\alibaba\druid\sql\ast\SQLPartitionByList.java
154,110,15,29,core\src\main\java\com\alibaba\druid\sql\ast\SQLPartitionByRange.java
50,27,15,8,core\src\main\java\com\alibaba\druid\sql\ast\SQLPartitionByValue.java
163,117,18,28,core\src\main\java\com\alibaba\druid\sql\ast\SQLPartitionOf.java
139,99,15,25,core\src\main\java\com\alibaba\druid\sql\ast\SQLPartitionSingle.java
81,62,0,19,core\src\main\java\com\alibaba\druid\sql\ast\SQLPartitionSpec.java
80,52,15,13,core\src\main\java\com\alibaba\druid\sql\ast\SQLPartitionValue.java
78,62,0,16,core\src\main\java\com\alibaba\druid\sql\ast\SQLPivot.java
56,31,15,10,core\src\main\java\com\alibaba\druid\sql\ast\SQLRecordDataType.java
23,4,18,1,core\src\main\java\com\alibaba\druid\sql\ast\SQLReplaceable.java
23,17,0,6,core\src\main\java\com\alibaba\druid\sql\ast\SQLResetStatement.java
126,100,0,26,core\src\main\java\com\alibaba\druid\sql\ast\SQLRowDataType.java
29,9,17,3,core\src\main\java\com\alibaba\druid\sql\ast\SQLSetQuantifier.java
45,17,15,13,core\src\main\java\com\alibaba\druid\sql\ast\SQLStatement.java
101,66,15,20,core\src\main\java\com\alibaba\druid\sql\ast\SQLStatementImpl.java
195,157,0,38,core\src\main\java\com\alibaba\druid\sql\ast\SQLStructDataType.java
142,99,16,27,core\src\main\java\com\alibaba\druid\sql\ast\SQLSubPartition.java
93,60,15,18,core\src\main\java\com\alibaba\druid\sql\ast\SQLSubPartitionBy.java
67,41,16,10,core\src\main\java\com\alibaba\druid\sql\ast\SQLSubPartitionByHash.java
55,33,15,7,core\src\main\java\com\alibaba\druid\sql\ast\SQLSubPartitionByList.java
61,37,15,9,core\src\main\java\com\alibaba\druid\sql\ast\SQLSubPartitionByRange.java
122,96,0,26,core\src\main\java\com\alibaba\druid\sql\ast\SQLTableDataType.java
82,67,0,15,core\src\main\java\com\alibaba\druid\sql\ast\SQLTop.java
44,34,0,10,core\src\main\java\com\alibaba\druid\sql\ast\SQLUnionDataType.java
92,73,0,19,core\src\main\java\com\alibaba\druid\sql\ast\SQLUnpivot.java
44,36,0,8,core\src\main\java\com\alibaba\druid\sql\ast\SQLWindow.java
136,94,16,26,core\src\main\java\com\alibaba\druid\sql\ast\SQLZOrderBy.java
321,254,6,61,core\src\main\java\com\alibaba\druid\sql\ast\TDDLHint.java
392,302,20,70,core\src\main\java\com\alibaba\druid\sql\ast\expr\SQLAggregateExpr.java
23,7,15,1,core\src\main\java\com\alibaba\druid\sql\ast\expr\SQLAggregateOption.java
148,122,0,26,core\src\main\java\com\alibaba\druid\sql\ast\expr\SQLAliasedExpr.java
124,86,15,23,core\src\main\java\com\alibaba\druid\sql\ast\expr\SQLAllColumnExpr.java
100,71,15,14,core\src\main\java\com\alibaba\druid\sql\ast\expr\SQLAllExpr.java
120,88,15,17,core\src\main\java\com\alibaba\druid\sql\ast\expr\SQLAnyExpr.java
158,126,15,17,core\src\main\java\com\alibaba\druid\sql\ast\expr\SQLArrayExpr.java
79,62,0,17,core\src\main\java\com\alibaba\druid\sql\ast\expr\SQLAtTimeZoneExpr.java
197,157,15,25,core\src\main\java\com\alibaba\druid\sql\ast\expr\SQLBetweenExpr.java
110,78,15,17,core\src\main\java\com\alibaba\druid\sql\ast\expr\SQLBigIntExpr.java
130,93,15,22,core\src\main\java\com\alibaba\druid\sql\ast\expr\SQLBinaryExpr.java
188,142,20,26,core\src\main\java\com\alibaba\druid\sql\ast\expr\SQLBinaryOperator.java
906,730,41,135,core\src\main\java\com\alibaba\druid\sql\ast\expr\SQLBinaryOpExpr.java
194,151,15,28,core\src\main\java\com\alibaba\druid\sql\ast\expr\SQLBinaryOpExprGroup.java
100,68,15,17,core\src\main\java\com\alibaba\druid\sql\ast\expr\SQLBooleanExpr.java
314,255,15,44,core\src\main\java\com\alibaba\druid\sql\ast\expr\SQLCaseExpr.java
210,166,15,29,core\src\main\java\com\alibaba\druid\sql\ast\expr\SQLCaseStatement.java
162,121,15,26,core\src\main\java\com\alibaba\druid\sql\ast\expr\SQLCastExpr.java
105,70,15,20,core\src\main\java\com\alibaba\druid\sql\ast\expr\SQLCharExpr.java
175,136,15,24,core\src\main\java\com\alibaba\druid\sql\ast\expr\SQLContainsExpr.java
111,82,15,14,core\src\main\java\com\alibaba\druid\sql\ast\expr\SQLCurrentOfCursorExpr.java
311,251,18,42,core\src\main\java\com\alibaba\druid\sql\ast\expr\SQLDateExpr.java
138,103,15,20,core\src\main\java\com\alibaba\druid\sql\ast\expr\SQLDateTimeExpr.java
15,11,0,4,core\src\main\java\com\alibaba\druid\sql\ast\expr\SQLDateTypeExpr.java
145,107,15,23,core\src\main\java\com\alibaba\druid\sql\ast\expr\SQLDbLinkExpr.java
118,85,15,18,core\src\main\java\com\alibaba\druid\sql\ast\expr\SQLDecimalExpr.java
53,30,15,8,core\src\main\java\com\alibaba\druid\sql\ast\expr\SQLDefaultExpr.java
105,70,15,20,core\src\main\java\com\alibaba\druid\sql\ast\expr\SQLDoubleExpr.java
121,88,15,18,core\src\main\java\com\alibaba\druid\sql\ast\expr\SQLExistsExpr.java
186,140,15,31,core\src\main\java\com\alibaba\druid\sql\ast\expr\SQLExprUtils.java
122,92,15,15,core\src\main\java\com\alibaba\druid\sql\ast\expr\SQLExtractExpr.java
118,82,18,18,core\src\main\java\com\alibaba\druid\sql\ast\expr\SQLFlashbackExpr.java
105,70,15,20,core\src\main\java\com\alibaba\druid\sql\ast\expr\SQLFloatExpr.java
100,74,15,11,core\src\main\java\com\alibaba\druid\sql\ast\expr\SQLGroupingSetExpr.java
101,72,15,14,core\src\main\java\com\alibaba\druid\sql\ast\expr\SQLHexExpr.java
308,235,15,58,core\src\main\java\com\alibaba\druid\sql\ast\expr\SQLIdentifierExpr.java
231,180,16,35,core\src\main\java\com\alibaba\druid\sql\ast\expr\SQLInListExpr.java
188,143,17,28,core\src\main\java\com\alibaba\druid\sql\ast\expr\SQLInSubQueryExpr.java
217,163,15,39,core\src\main\java\com\alibaba\druid\sql\ast\expr\SQLIntegerExpr.java
137,103,15,19,core\src\main\java\com\alibaba\druid\sql\ast\expr\SQLIntervalExpr.java
147,121,15,11,core\src\main\java\com\alibaba\druid\sql\ast\expr\SQLIntervalUnit.java
76,48,15,13,core\src\main\java\com\alibaba\druid\sql\ast\expr\SQLJSONExpr.java
124,95,15,14,core\src\main\java\com\alibaba\druid\sql\ast\expr\SQLListExpr.java
22,5,15,2,core\src\main\java\com\alibaba\druid\sql\ast\expr\SQLLiteralExpr.java
181,142,15,24,core\src\main\java\com\alibaba\druid\sql\ast\expr\SQLMatchAgainstExpr.java
641,508,28,105,core\src\main\java\com\alibaba\druid\sql\ast\expr\SQLMethodInvokeExpr.java
61,36,15,10,core\src\main\java\com\alibaba\druid\sql\ast\expr\SQLNCharExpr.java
124,93,15,16,core\src\main\java\com\alibaba\druid\sql\ast\expr\SQLNotExpr.java
66,38,15,13,core\src\main\java\com\alibaba\druid\sql\ast\expr\SQLNullExpr.java
161,121,15,25,core\src\main\java\com\alibaba\druid\sql\ast\expr\SQLNumberExpr.java
38,16,15,7,core\src\main\java\com\alibaba\druid\sql\ast\expr\SQLNumericLiteralExpr.java
76,47,15,14,core\src\main\java\com\alibaba\druid\sql\ast\expr\SQLParametricMethodInvokeExpr.java
100,86,0,14,core\src\main\java\com\alibaba\druid\sql\ast\expr\SQLPatternExpr.java
464,366,17,81,core\src\main\java\com\alibaba\druid\sql\ast\expr\SQLPropertyExpr.java
125,91,15,19,core\src\main\java\com\alibaba\druid\sql\ast\expr\SQLQueryExpr.java
102,67,15,20,core\src\main\java\com\alibaba\druid\sql\ast\expr\SQLRealExpr.java
130,96,15,19,core\src\main\java\com\alibaba\druid\sql\ast\expr\SQLSequenceExpr.java
117,82,15,20,core\src\main\java\com\alibaba\druid\sql\ast\expr\SQLSizeExpr.java
113,81,15,17,core\src\main\java\com\alibaba\druid\sql\ast\expr\SQLSmallIntExpr.java
121,89,15,17,core\src\main\java\com\alibaba\druid\sql\ast\expr\SQLSomeExpr.java
84,70,0,14,core\src\main\java\com\alibaba\druid\sql\ast\expr\SQLStructExpr.java
77,51,15,11,core\src\main\java\com\alibaba\druid\sql\ast\expr\SQLTextLiteralExpr.java
150,112,15,23,core\src\main\java\com\alibaba\druid\sql\ast\expr\SQLTimeExpr.java
593,503,20,70,core\src\main\java\com\alibaba\druid\sql\ast\expr\SQLTimestampExpr.java
337,275,18,44,core\src\main\java\com\alibaba\druid\sql\ast\expr\SQLTimestampNTZExpr.java
113,81,15,17,core\src\main\java\com\alibaba\druid\sql\ast\expr\SQLTinyIntExpr.java
107,96,0,11,core\src\main\java\com\alibaba\druid\sql\ast\expr\SQLTypeExpr.java
136,104,15,17,core\src\main\java\com\alibaba\druid\sql\ast\expr\SQLUnaryExpr.java
36,17,16,3,core\src\main\java\com\alibaba\druid\sql\ast\expr\SQLUnaryOperator.java
23,5,15,3,core\src\main\java\com\alibaba\druid\sql\ast\expr\SQLValuableExpr.java
74,60,0,14,core\src\main\java\com\alibaba\druid\sql\ast\expr\SQLValuesExpr.java
185,138,15,32,core\src\main\java\com\alibaba\druid\sql\ast\expr\SQLVariantRefExpr.java
50,27,15,8,core\src\main\java\com\alibaba\druid\sql\ast\statement\SQLAlterCharacter.java
21,4,15,2,core\src\main\java\com\alibaba\druid\sql\ast\statement\SQLAlterDatabaseItem.java
98,65,15,18,core\src\main\java\com\alibaba\druid\sql\ast\statement\SQLAlterDatabaseStatement.java
113,78,15,20,core\src\main\java\com\alibaba\druid\sql\ast\statement\SQLAlterFunctionStatement.java
169,122,15,32,core\src\main\java\com\alibaba\druid\sql\ast\statement\SQLAlterIndexStatement.java
183,130,16,37,core\src\main\java\com\alibaba\druid\sql\ast\statement\SQLAlterMaterializedViewStatement.java
92,61,15,16,core\src\main\java\com\alibaba\druid\sql\ast\statement\SQLAlterOutlineStatement.java
106,71,15,20,core\src\main\java\com\alibaba\druid\sql\ast\statement\SQLAlterProcedureStatement.java
232,183,0,49,core\src\main\java\com\alibaba\druid\sql\ast\statement\SQLAlterSequenceStatement.java
22,6,15,1,core\src\main\java\com\alibaba\druid\sql\ast\statement\SQLAlterStatement.java
40,20,15,5,core\src\main\java\com\alibaba\druid\sql\ast\statement\SQLAlterSystemGetConfigStatement.java
44,22,15,7,core\src\main\java\com\alibaba\druid\sql\ast\statement\SQLAlterSystemSetConfigStatement.java
56,33,15,8,core\src\main\java\com\alibaba\druid\sql\ast\statement\SQLAlterTableAddClusteringKey.java
112,75,16,21,core\src\main\java\com\alibaba\druid\sql\ast\statement\SQLAlterTableAddColumn.java
76,48,15,13,core\src\main\java\com\alibaba\druid\sql\ast\statement\SQLAlterTableAddConstraint.java
38,28,4,6,core\src\main\java\com\alibaba\druid\sql\ast\statement\SQLAlterTableAddExtPartition.java
226,167,15,44,core\src\main\java\com\alibaba\druid\sql\ast\statement\SQLAlterTableAddIndex.java
82,55,15,12,core\src\main\java\com\alibaba\druid\sql\ast\statement\SQLAlterTableAddPartition.java
46,24,15,7,core\src\main\java\com\alibaba\druid\sql\ast\statement\SQLAlterTableAddSupplemental.java
127,90,15,22,core\src\main\java\com\alibaba\druid\sql\ast\statement\SQLAlterTableAlterColumn.java
226,167,15,44,core\src\main\java\com\alibaba\druid\sql\ast\statement\SQLAlterTableAlterIndex.java
46,25,15,6,core\src\main\java\com\alibaba\druid\sql\ast\statement\SQLAlterTableAnalyzePartition.java
38,18,15,5,core\src\main\java\com\alibaba\druid\sql\ast\statement\SQLAlterTableArchive.java
45,24,15,6,core\src\main\java\com\alibaba\druid\sql\ast\statement\SQLAlterTableArchivePartition.java
50,27,15,8,core\src\main\java\com\alibaba\druid\sql\ast\statement\SQLAlterTableAttachPartition.java
47,25,15,7,core\src\main\java\com\alibaba\druid\sql\ast\statement\SQLAlterTableBlockSize.java
49,27,15,7,core\src\main\java\com\alibaba\druid\sql\ast\statement\SQLAlterTableChangeOwner.java
46,25,15,6,core\src\main\java\com\alibaba\druid\sql\ast\statement\SQLAlterTableCheckPartition.java
43,23,15,5,core\src\main\java\com\alibaba\druid\sql\ast\statement\SQLAlterTableCoalescePartition.java
47,25,15,7,core\src\main\java\com\alibaba\druid\sql\ast\statement\SQLAlterTableCompression.java
60,36,15,9,core\src\main\java\com\alibaba\druid\sql\ast\statement\SQLAlterTableConvertCharSet.java
44,23,15,6,core\src\main\java\com\alibaba\druid\sql\ast\statement\SQLAlterTableDeleteByCondition.java
59,34,15,10,core\src\main\java\com\alibaba\druid\sql\ast\statement\SQLAlterTableDetachPartition.java
41,20,15,6,core\src\main\java\com\alibaba\druid\sql\ast\statement\SQLAlterTableDisableConstraint.java
28,10,15,3,core\src\main\java\com\alibaba\druid\sql\ast\statement\SQLAlterTableDisableKeys.java
38,18,15,5,core\src\main\java\com\alibaba\druid\sql\ast\statement\SQLAlterTableDisableLifecycle.java
59,34,15,10,core\src\main\java\com\alibaba\druid\sql\ast\statement\SQLAlterTableDiscardPartition.java
69,41,15,13,core\src\main\java\com\alibaba\druid\sql\ast\statement\SQLAlterTableDropCheck.java
41,20,15,6,core\src\main\java\com\alibaba\druid\sql\ast\statement\SQLAlterTableDropClusteringKey.java
78,48,15,15,core\src\main\java\com\alibaba\druid\sql\ast\statement\SQLAlterTableDropColumnItem.java
69,41,15,13,core\src\main\java\com\alibaba\druid\sql\ast\statement\SQLAlterTableDropConstraint.java
38,28,4,6,core\src\main\java\com\alibaba\druid\sql\ast\statement\SQLAlterTableDropExtPartition.java
41,20,15,6,core\src\main\java\com\alibaba\druid\sql\ast\statement\SQLAlterTableDropForeignKey.java
41,20,15,6,core\src\main\java\com\alibaba\druid\sql\ast\statement\SQLAlterTableDropIndex.java
41,20,15,6,core\src\main\java\com\alibaba\druid\sql\ast\statement\SQLAlterTableDropKey.java
64,39,15,10,core\src\main\java\com\alibaba\druid\sql\ast\statement\SQLAlterTableDropPartition.java
28,10,15,3,core\src\main\java\com\alibaba\druid\sql\ast\statement\SQLAlterTableDropPrimaryKey.java
56,32,15,9,core\src\main\java\com\alibaba\druid\sql\ast\statement\SQLAlterTableDropSubpartition.java
41,20,15,6,core\src\main\java\com\alibaba\druid\sql\ast\statement\SQLAlterTableEnableConstraint.java
28,10,15,3,core\src\main\java\com\alibaba\druid\sql\ast\statement\SQLAlterTableEnableKeys.java
38,18,15,5,core\src\main\java\com\alibaba\druid\sql\ast\statement\SQLAlterTableEnableLifecycle.java
76,49,15,12,core\src\main\java\com\alibaba\druid\sql\ast\statement\SQLAlterTableExchangePartition.java
61,35,15,11,core\src\main\java\com\alibaba\druid\sql\ast\statement\SQLAlterTableGroupStatement.java
56,32,15,9,core\src\main\java\com\alibaba\druid\sql\ast\statement\SQLAlterTableImportPartition.java
21,4,15,2,core\src\main\java\com\alibaba\druid\sql\ast\statement\SQLAlterTableItem.java
76,49,15,12,core\src\main\java\com\alibaba\druid\sql\ast\statement\SQLAlterTableMergePartition.java
44,22,15,7,core\src\main\java\com\alibaba\druid\sql\ast\statement\SQLAlterTableModifyClusteredBy.java
46,25,15,6,core\src\main\java\com\alibaba\druid\sql\ast\statement\SQLAlterTableOptimizePartition.java
31,18,8,5,core\src\main\java\com\alibaba\druid\sql\ast\statement\SQLAlterTablePartition.java
47,25,15,7,core\src\main\java\com\alibaba\druid\sql\ast\statement\SQLAlterTablePartitionCount.java
47,25,15,7,core\src\main\java\com\alibaba\druid\sql\ast\statement\SQLAlterTablePartitionLifecycle.java
51,35,8,8,core\src\main\java\com\alibaba\druid\sql\ast\statement\SQLAlterTablePartitionSetProperties.java
46,25,15,6,core\src\main\java\com\alibaba\druid\sql\ast\statement\SQLAlterTableRebuildPartition.java
46,25,15,6,core\src\main\java\com\alibaba\druid\sql\ast\statement\SQLAlterTableRecoverPartitions.java
70,42,15,13,core\src\main\java\com\alibaba\druid\sql\ast\statement\SQLAlterTableRename.java
60,36,15,9,core\src\main\java\com\alibaba\druid\sql\ast\statement\SQLAlterTableRenameColumn.java
59,36,15,8,core\src\main\java\com\alibaba\druid\sql\ast\statement\SQLAlterTableRenameConstraint.java
63,39,15,9,core\src\main\java\com\alibaba\druid\sql\ast\statement\SQLAlterTableRenameIndex.java
54,30,15,9,core\src\main\java\com\alibaba\druid\sql\ast\statement\SQLAlterTableRenamePartition.java
53,30,15,8,core\src\main\java\com\alibaba\druid\sql\ast\statement\SQLAlterTableReOrganizePartition.java
46,25,15,6,core\src\main\java\com\alibaba\druid\sql\ast\statement\SQLAlterTableRepairPartition.java
76,46,16,14,core\src\main\java\com\alibaba\druid\sql\ast\statement\SQLAlterTableReplaceColumn.java
44,23,15,6,core\src\main\java\com\alibaba\druid\sql\ast\statement\SQLAlterTableSetComment.java
28,23,0,5,core\src\main\java\com\alibaba\druid\sql\ast\statement\SQLAlterTableSetFileFormat.java
44,23,15,6,core\src\main\java\com\alibaba\druid\sql\ast\statement\SQLAlterTableSetLifecycle.java
44,23,15,6,core\src\main\java\com\alibaba\druid\sql\ast\statement\SQLAlterTableSetLocation.java
60,36,15,9,core\src\main\java\com\alibaba\druid\sql\ast\statement\SQLAlterTableSetOption.java
44,23,15,6,core\src\main\java\com\alibaba\druid\sql\ast\statement\SQLAlterTableSetSchema.java
57,34,15,8,core\src\main\java\com\alibaba\druid\sql\ast\statement\SQLAlterTableSetSerde.java
60,36,15,9,core\src\main\java\com\alibaba\druid\sql\ast\statement\SQLAlterTableSetSerdeProperties.java
44,23,15,6,core\src\main\java\com\alibaba\druid\sql\ast\statement\SQLAlterTableSetTableSpace.java
319,235,18,66,core\src\main\java\com\alibaba\druid\sql\ast\statement\SQLAlterTableStatement.java
44,23,15,6,core\src\main\java\com\alibaba\druid\sql\ast\statement\SQLAlterTableSubpartitionAvailablePartitionNum.java
56,32,15,9,core\src\main\java\com\alibaba\druid\sql\ast\statement\SQLAlterTableSubpartitionLifecycle.java
37,16,15,6,core\src\main\java\com\alibaba\druid\sql\ast\statement\SQLAlterTableTouch.java
57,36,15,6,core\src\main\java\com\alibaba\druid\sql\ast\statement\SQLAlterTableTruncatePartition.java
45,24,15,6,core\src\main\java\com\alibaba\druid\sql\ast\statement\SQLAlterTableUnarchivePartition.java
40,20,15,5,core\src\main\java\com\alibaba\druid\sql\ast\statement\SQLAlterTableValidateConstraint.java
88,57,15,16,core\src\main\java\com\alibaba\druid\sql\ast\statement\SQLAlterTypeStatement.java
70,45,15,10,core\src\main\java\com\alibaba\druid\sql\ast\statement\SQLAlterViewRenameStatement.java
296,224,16,56,core\src\main\java\com\alibaba\druid\sql\ast\statement\SQLAlterViewStatement.java
183,132,15,36,core\src\main\java\com\alibaba\druid\sql\ast\statement\SQLAnalyzeTableStatement.java
74,47,15,12,core\src\main\java\com\alibaba\druid\sql\ast\statement\SQLArchiveTableStatement.java
122,89,15,18,core\src\main\java\com\alibaba\druid\sql\ast\statement\SQLAssignItem.java
61,36,15,10,core\src\main\java\com\alibaba\druid\sql\ast\statement\SQLBackupStatement.java
77,46,20,11,core\src\main\java\com\alibaba\druid\sql\ast\statement\SQLBeginStatement.java
179,130,15,34,core\src\main\java\com\alibaba\druid\sql\ast\statement\SQLBlockStatement.java
69,43,15,11,core\src\main\java\com\alibaba\druid\sql\ast\statement\SQLBuildTableStatement.java
90,58,15,17,core\src\main\java\com\alibaba\druid\sql\ast\statement\SQLCallStatement.java
49,27,15,7,core\src\main\java\com\alibaba\druid\sql\ast\statement\SQLCancelJobStatement.java
155,107,15,33,core\src\main\java\com\alibaba\druid\sql\ast\statement\SQLCharacterDataType.java
101,69,15,17,core\src\main\java\com\alibaba\druid\sql\ast\statement\SQLCheck.java
116,76,15,25,core\src\main\java\com\alibaba\druid\sql\ast\statement\SQLCloneTableStatement.java
64,34,21,9,core\src\main\java\com\alibaba\druid\sql\ast\statement\SQLCloseStatement.java
92,61,15,16,core\src\main\java\com\alibaba\druid\sql\ast\statement\SQLColumnCheck.java
20,4,15,1,core\src\main\java\com\alibaba\druid\sql\ast\statement\SQLColumnConstraint.java
58,46,0,12,core\src\main\java\com\alibaba\druid\sql\ast\statement\SQLColumnDefault.java
891,689,19,183,core\src\main\java\com\alibaba\druid\sql\ast\statement\SQLColumnDefinition.java
48,25,15,8,core\src\main\java\com\alibaba\druid\sql\ast\statement\SQLColumnPrimaryKey.java
113,74,15,24,core\src\main\java\com\alibaba\druid\sql\ast\statement\SQLColumnReference.java
38,19,15,4,core\src\main\java\com\alibaba\druid\sql\ast\statement\SQLColumnUniqueKey.java
87,59,15,13,core\src\main\java\com\alibaba\druid\sql\ast\statement\SQLCommentStatement.java
143,97,21,25,core\src\main\java\com\alibaba\druid\sql\ast\statement\SQLCommitStatement.java
11,9,0,2,core\src\main\java\com\alibaba\druid\sql\ast\statement\SQLCommitTransactionStatement.java
35,13,15,7,core\src\main\java\com\alibaba\druid\sql\ast\statement\SQLConstraint.java
144,102,15,27,core\src\main\java\com\alibaba\druid\sql\ast\statement\SQLConstraintImpl.java
12,10,0,2,core\src\main\java\com\alibaba\druid\sql\ast\statement\SQLContinueStatement.java
87,72,0,15,core\src\main\java\com\alibaba\druid\sql\ast\statement\SQLCopyFromStatement.java
29,23,0,6,core\src\main\java\com\alibaba\druid\sql\ast\statement\SQLCostStatement.java
276,208,16,52,core\src\main\java\com\alibaba\druid\sql\ast\statement\SQLCreateDatabaseStatement.java
318,237,20,61,core\src\main\java\com\alibaba\druid\sql\ast\statement\SQLCreateFunctionStatement.java
334,253,16,65,core\src\main\java\com\alibaba\druid\sql\ast\statement\SQLCreateIndexStatement.java
497,375,20,102,core\src\main\java\com\alibaba\druid\sql\ast\statement\SQLCreateMaterializedViewStatement.java
69,57,0,12,core\src\main\java\com\alibaba\druid\sql\ast\statement\SQLCreateOutlineStatement.java
212,151,17,44,core\src\main\java\com\alibaba\druid\sql\ast\statement\SQLCreateProcedureStatement.java
75,48,15,12,core\src\main\java\com\alibaba\druid\sql\ast\statement\SQLCreateRoleStatement.java
265,196,19,50,core\src\main\java\com\alibaba\druid\sql\ast\statement\SQLCreateSequenceStatement.java
24,7,15,2,core\src\main\java\com\alibaba\druid\sql\ast\statement\SQLCreateStatement.java
112,80,15,17,core\src\main\java\com\alibaba\druid\sql\ast\statement\SQLCreateTableGroupStatement.java
1747,1405,32,310,core\src\main\java\com\alibaba\druid\sql\ast\statement\SQLCreateTableStatement.java
229,167,15,47,core\src\main\java\com\alibaba\druid\sql\ast\statement\SQLCreateTriggerStatement.java
85,56,16,13,core\src\main\java\com\alibaba\druid\sql\ast\statement\SQLCreateUserStatement.java
444,338,18,88,core\src\main\java\com\alibaba\druid\sql\ast\statement\SQLCreateViewStatement.java
42,24,15,3,core\src\main\java\com\alibaba\druid\sql\ast\statement\SQLDDLStatement.java
56,32,15,9,core\src\main\java\com\alibaba\druid\sql\ast\statement\SQLDeclareStatement.java
115,80,15,20,core\src\main\java\com\alibaba\druid\sql\ast\statement\SQLDefault.java
313,241,15,57,core\src\main\java\com\alibaba\druid\sql\ast\statement\SQLDeleteStatement.java
114,76,16,22,core\src\main\java\com\alibaba\druid\sql\ast\statement\SQLDescribeStatement.java
89,59,15,15,core\src\main\java\com\alibaba\druid\sql\ast\statement\SQLDropCatalogStatement.java
194,142,16,36,core\src\main\java\com\alibaba\druid\sql\ast\statement\SQLDropDatabaseStatement.java
74,47,15,12,core\src\main\java\com\alibaba\druid\sql\ast\statement\SQLDropEventStatement.java
94,62,15,17,core\src\main\java\com\alibaba\druid\sql\ast\statement\SQLDropFunctionStatement.java
136,97,15,24,core\src\main\java\com\alibaba\druid\sql\ast\statement\SQLDropIndexStatement.java
79,52,15,12,core\src\main\java\com\alibaba\druid\sql\ast\statement\SQLDropLogFileGroupStatement.java
74,47,15,12,core\src\main\java\com\alibaba\druid\sql\ast\statement\SQLDropMaterializedViewStatement.java
90,58,15,17,core\src\main\java\com\alibaba\druid\sql\ast\statement\SQLDropOfflineModelStatement.java
74,47,15,12,core\src\main\java\com\alibaba\druid\sql\ast\statement\SQLDropOutlineStatement.java
65,40,15,10,core\src\main\java\com\alibaba\druid\sql\ast\statement\SQLDropProcedureStatement.java
75,48,15,12,core\src\main\java\com\alibaba\druid\sql\ast\statement\SQLDropResourceGroupStatement.java
74,47,15,12,core\src\main\java\com\alibaba\druid\sql\ast\statement\SQLDropResourceStatement.java
82,53,15,14,core\src\main\java\com\alibaba\druid\sql\ast\statement\SQLDropRoleStatement.java
96,64,15,17,core\src\main\java\com\alibaba\druid\sql\ast\statement\SQLDropSequenceStatement.java
80,52,15,13,core\src\main\java\com\alibaba\druid\sql\ast\statement\SQLDropServerStatement.java
24,7,15,2,core\src\main\java\com\alibaba\druid\sql\ast\statement\SQLDropStatement.java
109,74,15,20,core\src\main\java\com\alibaba\druid\sql\ast\statement\SQLDropSynonymStatement.java
94,62,15,17,core\src\main\java\com\alibaba\druid\sql\ast\statement\SQLDropTableGroupStatement.java
100,68,15,17,core\src\main\java\com\alibaba\druid\sql\ast\statement\SQLDropTableSpaceStatement.java
254,196,15,43,core\src\main\java\com\alibaba\druid\sql\ast\statement\SQLDropTableStatement.java
83,53,15,15,core\src\main\java\com\alibaba\druid\sql\ast\statement\SQLDropTriggerStatement.java
85,56,15,14,core\src\main\java\com\alibaba\druid\sql\ast\statement\SQLDropTypeStatement.java
96,63,15,18,core\src\main\java\com\alibaba\druid\sql\ast\statement\SQLDropUserStatement.java
117,80,15,22,core\src\main\java\com\alibaba\druid\sql\ast\statement\SQLDropViewStatement.java
68,53,0,15,core\src\main\java\com\alibaba\druid\sql\ast\statement\SQLDumpStatement.java
76,50,15,11,core\src\main\java\com\alibaba\druid\sql\ast\statement\SQLErrorLoggingClause.java
81,66,1,14,core\src\main\java\com\alibaba\druid\sql\ast\statement\SQLExceptionStatement.java
58,47,0,11,core\src\main\java\com\alibaba\druid\sql\ast\statement\SQLExecuteImmediateStatement.java
60,36,15,9,core\src\main\java\com\alibaba\druid\sql\ast\statement\SQLExplainAnalyzeStatement.java
137,97,15,25,core\src\main\java\com\alibaba\druid\sql\ast\statement\SQLExplainStatement.java
33,26,0,7,core\src\main\java\com\alibaba\druid\sql\ast\statement\SQLExportDatabaseStatement.java
67,55,0,12,core\src\main\java\com\alibaba\druid\sql\ast\statement\SQLExportTableStatement.java
60,36,15,9,core\src\main\java\com\alibaba\druid\sql\ast\statement\SQLExprHint.java
73,48,15,10,core\src\main\java\com\alibaba\druid\sql\ast\statement\SQLExprStatement.java
553,445,15,93,core\src\main\java\com\alibaba\druid\sql\ast\statement\SQLExprTableSource.java
205,165,0,40,core\src\main\java\com\alibaba\druid\sql\ast\statement\SQLExternalRecordFormat.java
85,56,15,14,core\src\main\java\com\alibaba\druid\sql\ast\statement\SQLFetchStatement.java
32,10,15,7,core\src\main\java\com\alibaba\druid\sql\ast\statement\SQLForeignKeyConstraint.java
195,142,15,38,core\src\main\java\com\alibaba\druid\sql\ast\statement\SQLForeignKeyImpl.java
63,49,0,14,core\src\main\java\com\alibaba\druid\sql\ast\statement\SQLForStatement.java
73,64,0,9,core\src\main\java\com\alibaba\druid\sql\ast\statement\SQLGeneratedTableSource.java
43,34,0,9,core\src\main\java\com\alibaba\druid\sql\ast\statement\SQLGetDiagnosticsStatement.java
145,101,16,28,core\src\main\java\com\alibaba\druid\sql\ast\statement\SQLGrantStatement.java
217,165,15,37,core\src\main\java\com\alibaba\druid\sql\ast\statement\SQLIfStatement.java
34,27,0,7,core\src\main\java\com\alibaba\druid\sql\ast\statement\SQLImportDatabaseStatement.java
97,78,1,18,core\src\main\java\com\alibaba\druid\sql\ast\statement\SQLImportTableStatement.java
227,170,15,42,core\src\main\java\com\alibaba\druid\sql\ast\statement\SQLInsertInto.java
213,161,15,37,core\src\main\java\com\alibaba\druid\sql\ast\statement\SQLInsertStatement.java
788,629,18,141,core\src\main\java\com\alibaba\druid\sql\ast\statement\SQLJoinTableSource.java
164,117,15,32,core\src\main\java\com\alibaba\druid\sql\ast\statement\SQLLateralViewTableSource.java
12,10,0,2,core\src\main\java\com\alibaba\druid\sql\ast\statement\SQLLeaveStatement.java
6,4,0,2,core\src\main\java\com\alibaba\druid\sql\ast\statement\SQLLockTableStatement.java
91,59,15,17,core\src\main\java\com\alibaba\druid\sql\ast\statement\SQLLoopStatement.java
351,278,15,58,core\src\main\java\com\alibaba\druid\sql\ast\statement\SQLMergeStatement.java
