type,project,7.0.0,7000099
promise_metrics,TransportVersions,7.0.1,7000199.0
promise_metrics,TransportVersions,7.1.0,7010099.0
promise_metrics,TransportVersions,7.1.1,7010199.0
promise_metrics,TransportVersions,7.2.0,7020099.0
promise_metrics,TransportVersions,7.2.1,7020199.0
promise_metrics,TransportVersions,7.3.0,7030099.0
promise_metrics,TransportVersions,7.3.1,7030199.0
promise_metrics,TransportVersions,7.3.2,7030299.0
promise_metrics,TransportVersions,7.4.0,7040099.0
promise_metrics,TransportVersions,7.4.1,7040199.0
promise_metrics,TransportVersions,7.4.2,7040299.0
promise_metrics,TransportVersions,7.5.0,7050099.0
promise_metrics,TransportVersions,7.5.1,7050199.0
promise_metrics,TransportVersions,7.5.2,7050299.0
promise_metrics,TransportVersions,7.6.0,7060099.0
promise_metrics,TransportVersions,7.6.1,7060199.0
promise_metrics,TransportVersions,7.6.2,7060299.0
promise_metrics,TransportVersions,7.7.0,7070099.0
promise_metrics,TransportVersions,7.7.1,7070199.0
promise_metrics,TransportVersions,7.8.0,7080099.0
promise_metrics,TransportVersions,7.8.1,7080199.0
promise_metrics,TransportVersions,7.9.0,7090099.0
promise_metrics,TransportVersions,7.9.1,7090199.0
promise_metrics,TransportVersions,7.9.2,7090299.0
promise_metrics,TransportVersions,7.9.3,7090399.0
promise_metrics,TransportVersions,7.10.0,7100099.0
promise_metrics,TransportVersions,7.10.1,7100199.0
promise_metrics,TransportVersions,7.10.2,7100299.0
promise_metrics,TransportVersions,7.11.0,7110099.0
promise_metrics,TransportVersions,7.11.1,7110199.0
promise_metrics,TransportVersions,7.11.2,7110299.0
promise_metrics,TransportVersions,7.12.0,7120099.0
promise_metrics,TransportVersions,7.12.1,7120199.0
promise_metrics,TransportVersions,7.13.0,7130099.0
promise_metrics,TransportVersions,7.13.1,7130199.0
promise_metrics,TransportVersions,7.13.2,7130299.0
promise_metrics,TransportVersions,7.13.3,7130399.0
promise_metrics,TransportVersions,7.13.4,7130499.0
promise_metrics,TransportVersions,7.14.0,7140099.0
promise_metrics,TransportVersions,7.14.1,7140199.0
promise_metrics,TransportVersions,7.14.2,7140299.0
promise_metrics,TransportVersions,7.15.0,7150099.0
promise_metrics,TransportVersions,7.15.1,7150199.0
promise_metrics,TransportVersions,7.15.2,7150299.0
promise_metrics,TransportVersions,7.16.0,7160099.0
promise_metrics,TransportVersions,7.16.1,7160199.0
promise_metrics,TransportVersions,7.16.2,7160299.0
promise_metrics,TransportVersions,7.16.3,7160399.0
promise_metrics,TransportVersions,7.17.0,7170099.0
promise_metrics,TransportVersions,7.17.1,7170199.0
promise_metrics,TransportVersions,7.17.2,7170299.0
promise_metrics,TransportVersions,7.17.3,7170399.0
promise_metrics,TransportVersions,7.17.4,7170499.0
promise_metrics,TransportVersions,7.17.5,7170599.0
promise_metrics,TransportVersions,7.17.6,7170699.0
promise_metrics,TransportVersions,7.17.7,7170799.0
promise_metrics,TransportVersions,7.17.8,7170899.0
promise_metrics,TransportVersions,7.17.9,7170999.0
promise_metrics,TransportVersions,7.17.10,7171099.0
promise_metrics,TransportVersions,7.17.11,7171199.0
promise_metrics,TransportVersions,7.17.12,7171299.0
promise_metrics,TransportVersions,7.17.13,7171399.0
promise_metrics,TransportVersions,7.17.14,7171499.0
promise_metrics,TransportVersions,7.17.15,7171599.0
promise_metrics,TransportVersions,7.17.16,7171699.0
promise_metrics,TransportVersions,7.17.17,7171799.0
promise_metrics,TransportVersions,7.17.18,7171899.0
promise_metrics,TransportVersions,7.17.19,7171999.0
promise_metrics,TransportVersions,7.17.20,7172099.0
promise_metrics,TransportVersions,7.17.21,7172199.0
promise_metrics,TransportVersions,7.17.22,7172299.0
promise_metrics,TransportVersions,7.17.23,7172399.0
promise_metrics,TransportVersions,7.17.24,7172499.0
promise_metrics,TransportVersions,8.0.0,8000099.0
promise_metrics,TransportVersions,8.0.1,8000199.0
promise_metrics,TransportVersions,8.1.0,8010099.0
promise_metrics,TransportVersions,8.1.1,8010199.0
promise_metrics,TransportVersions,8.1.2,8010299.0
promise_metrics,TransportVersions,8.1.3,8010399.0
promise_metrics,TransportVersions,8.2.0,8020099.0
promise_metrics,TransportVersions,8.2.1,8020199.0
promise_metrics,TransportVersions,8.2.2,8020299.0
promise_metrics,TransportVersions,8.2.3,8020399.0
promise_metrics,TransportVersions,8.3.0,8030099.0
promise_metrics,TransportVersions,8.3.1,8030199.0
promise_metrics,TransportVersions,8.3.2,8030299.0
promise_metrics,TransportVersions,8.3.3,8030399.0
promise_metrics,TransportVersions,8.4.0,8040099.0
promise_metrics,TransportVersions,8.4.1,8040199.0
promise_metrics,TransportVersions,8.4.2,8040299.0
promise_metrics,TransportVersions,8.4.3,8040399.0
promise_metrics,TransportVersions,8.5.0,8050099.0
promise_metrics,TransportVersions,8.5.1,8050199.0
promise_metrics,TransportVersions,8.5.2,8050299.0
promise_metrics,TransportVersions,8.5.3,8050399.0
promise_metrics,TransportVersions,8.6.0,8060099.0
promise_metrics,TransportVersions,8.6.1,8060199.0
promise_metrics,TransportVersions,8.6.2,8060299.0
promise_metrics,TransportVersions,8.7.0,8070099.0
promise_metrics,TransportVersions,8.7.1,8070199.0
promise_metrics,TransportVersions,8.8.0,8080099.0
promise_metrics,TransportVersions,8.8.1,8080199.0
promise_metrics,TransportVersions,8.8.2,8080299.0
promise_metrics,TransportVersions,8.9.0,8500020.0
promise_metrics,TransportVersions,8.9.1,8500020.0
promise_metrics,TransportVersions,8.9.2,8500020.0
promise_metrics,TransportVersions,8.10.0,8500061.0
promise_metrics,TransportVersions,8.10.1,8500061.0
promise_metrics,TransportVersions,8.10.2,8500061.0
promise_metrics,TransportVersions,8.10.3,8500061.0
promise_metrics,TransportVersions,8.10.4,8500061.0
promise_metrics,TransportVersions,8.11.0,8512001.0
promise_metrics,TransportVersions,8.11.1,8512001.0
promise_metrics,TransportVersions,8.11.2,8512001.0
promise_metrics,TransportVersions,8.11.3,8512001.0
promise_metrics,TransportVersions,8.11.4,8512001.0
promise_metrics,TransportVersions,8.12.0,8560000.0
promise_metrics,TransportVersions,8.12.1,8560001.0
promise_metrics,TransportVersions,8.12.2,8560001.0
promise_metrics,TransportVersions,8.13.0,8595000.0
promise_metrics,TransportVersions,8.13.1,8595000.0
promise_metrics,TransportVersions,8.13.2,8595000.0
promise_metrics,TransportVersions,8.13.3,8595000.0
promise_metrics,TransportVersions,8.13.4,8595001.0
promise_metrics,TransportVersions,8.14.0,8636001.0
promise_metrics,TransportVersions,8.14.1,8636001.0
promise_metrics,TransportVersions,8.14.2,8636001.0
promise_metrics,TransportVersions,8.14.3,8636001.0
promise_metrics,TransportVersions,8.15.0,8702002.0
promise_metrics,TransportVersions,8.15.1,8702002.0
promise_metrics,TransportVersions,8.15.2,8702003.0
promise_metrics,TransportVersions,8.15.3,8702003.0
promise_metrics,TransportVersions,8.15.4,8702003.0
promise_metrics,TransportVersions,8.15.5,8702003.0
promise_metrics,TransportVersions,8.16.0,8772001.0
promise_metrics,TransportVersions,8.16.1,8772004.0
promise_metrics,TransportVersions,8.16.2,8772004.0
promise_metrics,TransportVersions,8.16.3,8772004.0
promise_metrics,TransportVersions,8.16.4,8772004.0
promise_metrics,TransportVersions,8.16.5,8772005.0
promise_metrics,TransportVersions,8.16.6,8772006.0
promise_metrics,TransportVersions,8.17.0,8797002.0
promise_metrics,TransportVersions,8.17.1,8797002.0
promise_metrics,TransportVersions,8.17.2,8797002.0
promise_metrics,TransportVersions,8.17.3,8797003.0
promise_metrics,TransportVersions,8.17.4,8797004.0
promise_metrics,TransportVersions,8.17.5,8797005.0
promise_metrics,TransportVersions,8.17.6,8797006.0
promise_metrics,TransportVersions,8.17.7,8797007.0
promise_metrics,TransportVersions,8.17.8,8797008.0
promise_metrics,TransportVersions,8.17.9,8797009.0
promise_metrics,TransportVersions,8.17.10,8797010.0
promise_metrics,TransportVersions,8.18.0,8840002.0
promise_metrics,TransportVersions,8.18.1,8840003.0
promise_metrics,TransportVersions,8.18.2,8840004.0
promise_metrics,TransportVersions,8.18.3,8840005.0
promise_metrics,TransportVersions,8.18.4,8840006.0
promise_metrics,TransportVersions,8.18.5,8840007.0
promise_metrics,TransportVersions,8.18.6,8840008.0
promise_metrics,TransportVersions,8.18.7,8840009.0
promise_metrics,TransportVersions,8.18.8,8840002.0
promise_metrics,TransportVersions,8.19.0,8841064.0
promise_metrics,TransportVersions,8.19.1,8841065.0
promise_metrics,TransportVersions,8.19.2,8841066.0
promise_metrics,TransportVersions,8.19.3,8841067.0
promise_metrics,TransportVersions,8.19.4,8841068.0
promise_metrics,TransportVersions,8.19.5,8841030.0
promise_metrics,TransportVersions,8.19.6,8840000.0
promise_metrics,TransportVersions,8.19.7,8840000.0
promise_metrics,TransportVersions,9.0.0,9000009.0
promise_metrics,TransportVersions,9.0.1,9000010.0
promise_metrics,TransportVersions,9.0.2,9000011.0
promise_metrics,TransportVersions,9.0.3,9000012.0
promise_metrics,TransportVersions,9.0.4,9000013.0
promise_metrics,TransportVersions,9.0.5,9000014.0
promise_metrics,TransportVersions,9.0.6,9000015.0
promise_metrics,TransportVersions,9.0.7,9000016.0
promise_metrics,TransportVersions,9.0.8,9000009.0
promise_metrics,TransportVersions,9.1.0,9112003.0
promise_metrics,TransportVersions,9.1.1,9112004.0
promise_metrics,TransportVersions,9.1.2,9112005.0
promise_metrics,TransportVersions,9.1.3,9112006.0
promise_metrics,TransportVersions,9.1.4,9112007.0
promise_metrics,TransportVersions,9.1.5,9085000.0
promise_metrics,TransportVersions,9.1.6,8840000.0
promise_metrics,TransportVersions,9.1.7,8840000.0
promise_metrics,TransportVersions,9.2.0,8840000.0
promise_metrics,TransportVersions,9.2.1,8840000.0
promise_metrics,IndexVersions,7.0.1,7000199.0
promise_metrics,IndexVersions,7.1.0,7010099.0
promise_metrics,IndexVersions,7.1.1,7010199.0
promise_metrics,IndexVersions,7.2.0,7020099.0
promise_metrics,IndexVersions,7.2.1,7020199.0
promise_metrics,IndexVersions,7.3.0,7030099.0
promise_metrics,IndexVersions,7.3.1,7030199.0
promise_metrics,IndexVersions,7.3.2,7030299.0
promise_metrics,IndexVersions,7.4.0,7040099.0
promise_metrics,IndexVersions,7.4.1,7040199.0
promise_metrics,IndexVersions,7.4.2,7040299.0
promise_metrics,IndexVersions,7.5.0,7050099.0
promise_metrics,IndexVersions,7.5.1,7050199.0
promise_metrics,IndexVersions,7.5.2,7050299.0
promise_metrics,IndexVersions,7.6.0,7060099.0
promise_metrics,IndexVersions,7.6.1,7060199.0
promise_metrics,IndexVersions,7.6.2,7060299.0
promise_metrics,IndexVersions,7.7.0,7070099.0
promise_metrics,IndexVersions,7.7.1,7070199.0
promise_metrics,IndexVersions,7.8.0,7080099.0
promise_metrics,IndexVersions,7.8.1,7080199.0
promise_metrics,IndexVersions,7.9.0,7090099.0
promise_metrics,IndexVersions,7.9.1,7090199.0
promise_metrics,IndexVersions,7.9.2,7090299.0
promise_metrics,IndexVersions,7.9.3,7090399.0
promise_metrics,IndexVersions,7.10.0,7100099.0
promise_metrics,IndexVersions,7.10.1,7100199.0
promise_metrics,IndexVersions,7.10.2,7100299.0
promise_metrics,IndexVersions,7.11.0,7110099.0
promise_metrics,IndexVersions,7.11.1,7110199.0
promise_metrics,IndexVersions,7.11.2,7110299.0
promise_metrics,IndexVersions,7.12.0,7120099.0
promise_metrics,IndexVersions,7.12.1,7120199.0
promise_metrics,IndexVersions,7.13.0,7130099.0
promise_metrics,IndexVersions,7.13.1,7130199.0
promise_metrics,IndexVersions,7.13.2,7130299.0
promise_metrics,IndexVersions,7.13.3,7130399.0
promise_metrics,IndexVersions,7.13.4,7130499.0
promise_metrics,IndexVersions,7.14.0,7140099.0
promise_metrics,IndexVersions,7.14.1,7140199.0
promise_metrics,IndexVersions,7.14.2,7140299.0
promise_metrics,IndexVersions,7.15.0,7150099.0
promise_metrics,IndexVersions,7.15.1,7150199.0
promise_metrics,IndexVersions,7.15.2,7150299.0
promise_metrics,IndexVersions,7.16.0,7160099.0
promise_metrics,IndexVersions,7.16.1,7160199.0
promise_metrics,IndexVersions,7.16.2,7160299.0
promise_metrics,IndexVersions,7.16.3,7160399.0
promise_metrics,IndexVersions,7.17.0,7170099.0
promise_metrics,IndexVersions,7.17.1,7170199.0
promise_metrics,IndexVersions,7.17.2,7170299.0
promise_metrics,IndexVersions,7.17.3,7170399.0
promise_metrics,IndexVersions,7.17.4,7170499.0
promise_metrics,IndexVersions,7.17.5,7170599.0
promise_metrics,IndexVersions,7.17.6,7170699.0
promise_metrics,IndexVersions,7.17.7,7170799.0
promise_metrics,IndexVersions,7.17.8,7170899.0
promise_metrics,IndexVersions,7.17.9,7170999.0
promise_metrics,IndexVersions,7.17.10,7171099.0
promise_metrics,IndexVersions,7.17.11,7171199.0
promise_metrics,IndexVersions,7.17.12,7171299.0
promise_metrics,IndexVersions,7.17.13,7171399.0
promise_metrics,IndexVersions,7.17.14,7171499.0
promise_metrics,IndexVersions,7.17.15,7171599.0
promise_metrics,IndexVersions,7.17.16,7171699.0
promise_metrics,IndexVersions,7.17.17,7171799.0
promise_metrics,IndexVersions,7.17.18,7171899.0
promise_metrics,IndexVersions,7.17.19,7171999.0
promise_metrics,IndexVersions,7.17.20,7172099.0
promise_metrics,IndexVersions,7.17.21,7172199.0
promise_metrics,IndexVersions,7.17.22,7172299.0
promise_metrics,IndexVersions,7.17.23,7172399.0
promise_metrics,IndexVersions,7.17.24,7172499.0
promise_metrics,IndexVersions,8.0.0,8000099.0
promise_metrics,IndexVersions,8.0.1,8000199.0
promise_metrics,IndexVersions,8.1.0,8010099.0
promise_metrics,IndexVersions,8.1.1,8010199.0
promise_metrics,IndexVersions,8.1.2,8010299.0
promise_metrics,IndexVersions,8.1.3,8010399.0
promise_metrics,IndexVersions,8.2.0,8020099.0
promise_metrics,IndexVersions,8.2.1,8020199.0
promise_metrics,IndexVersions,8.2.2,8020299.0
promise_metrics,IndexVersions,8.2.3,8020399.0
promise_metrics,IndexVersions,8.3.0,8030099.0
promise_metrics,IndexVersions,8.3.1,8030199.0
promise_metrics,IndexVersions,8.3.2,8030299.0
promise_metrics,IndexVersions,8.3.3,8030399.0
promise_metrics,IndexVersions,8.4.0,8040099.0
promise_metrics,IndexVersions,8.4.1,8040199.0
promise_metrics,IndexVersions,8.4.2,8040299.0
promise_metrics,IndexVersions,8.4.3,8040399.0
promise_metrics,IndexVersions,8.5.0,8050099.0
promise_metrics,IndexVersions,8.5.1,8050199.0
promise_metrics,IndexVersions,8.5.2,8050299.0
promise_metrics,IndexVersions,8.5.3,8050399.0
promise_metrics,IndexVersions,8.6.0,8060099.0
promise_metrics,IndexVersions,8.6.1,8060199.0
promise_metrics,IndexVersions,8.6.2,8060299.0
promise_metrics,IndexVersions,8.7.0,8070099.0
promise_metrics,IndexVersions,8.7.1,8070199.0
promise_metrics,IndexVersions,8.8.0,8080099.0
promise_metrics,IndexVersions,8.8.1,8080199.0
promise_metrics,IndexVersions,8.8.2,8080299.0
promise_metrics,IndexVersions,8.9.0,8090099.0
promise_metrics,IndexVersions,8.9.1,8090199.0
promise_metrics,IndexVersions,8.9.2,8090299.0
promise_metrics,IndexVersions,8.10.0,8100099.0
promise_metrics,IndexVersions,8.10.1,8100199.0
promise_metrics,IndexVersions,8.10.2,8100299.0
promise_metrics,IndexVersions,8.10.3,8100399.0
promise_metrics,IndexVersions,8.10.4,8100499.0
promise_metrics,IndexVersions,8.11.0,8500003.0
promise_metrics,IndexVersions,8.11.1,8500003.0
promise_metrics,IndexVersions,8.11.2,8500003.0
promise_metrics,IndexVersions,8.11.3,8500003.0
promise_metrics,IndexVersions,8.11.4,8500003.0
promise_metrics,IndexVersions,8.12.0,8500008.0
promise_metrics,IndexVersions,8.12.1,8500010.0
promise_metrics,IndexVersions,8.12.2,8500010.0
promise_metrics,IndexVersions,8.13.0,8503000.0
promise_metrics,IndexVersions,8.13.1,8503000.0
promise_metrics,IndexVersions,8.13.2,8503000.0
promise_metrics,IndexVersions,8.13.3,8503000.0
promise_metrics,IndexVersions,8.13.4,8503000.0
promise_metrics,IndexVersions,8.14.0,8505000.0
promise_metrics,IndexVersions,8.14.1,8505000.0
promise_metrics,IndexVersions,8.14.2,8505000.0
promise_metrics,IndexVersions,8.14.3,8505000.0
promise_metrics,IndexVersions,8.15.0,8512000.0
promise_metrics,IndexVersions,8.15.1,8512000.0
promise_metrics,IndexVersions,8.15.2,8512000.0
promise_metrics,IndexVersions,8.15.3,8512000.0
promise_metrics,IndexVersions,8.15.4,8512000.0
promise_metrics,IndexVersions,8.15.5,8512000.0
promise_metrics,IndexVersions,8.16.0,8518000.0
promise_metrics,IndexVersions,8.16.1,8518000.0
promise_metrics,IndexVersions,8.16.2,8518000.0
promise_metrics,IndexVersions,8.16.3,8518000.0
promise_metrics,IndexVersions,8.16.4,8518000.0
promise_metrics,IndexVersions,8.16.5,8518000.0
promise_metrics,IndexVersions,8.16.6,8518000.0
promise_metrics,IndexVersions,8.17.0,8521000.0
promise_metrics,IndexVersions,8.17.1,8521000.0
promise_metrics,IndexVersions,8.17.2,8521000.0
promise_metrics,IndexVersions,8.17.3,8521000.0
promise_metrics,IndexVersions,8.17.4,8521000.0
promise_metrics,IndexVersions,8.17.5,8521000.0
promise_metrics,IndexVersions,8.17.6,8521000.0
promise_metrics,IndexVersions,8.17.7,8521000.0
promise_metrics,IndexVersions,8.17.8,8521000.0
promise_metrics,IndexVersions,8.17.9,8521000.0
promise_metrics,IndexVersions,8.17.10,8521000.0
promise_metrics,IndexVersions,8.18.0,8525000.0
promise_metrics,IndexVersions,8.18.1,8525000.0
promise_metrics,IndexVersions,8.18.2,8525000.0
promise_metrics,IndexVersions,8.18.3,8525000.0
promise_metrics,IndexVersions,8.18.4,8525000.0
promise_metrics,IndexVersions,8.18.5,8525000.0
promise_metrics,IndexVersions,8.18.6,8525000.0
promise_metrics,IndexVersions,8.18.7,8525000.0
promise_metrics,IndexVersions,8.18.8,8525000.0
promise_metrics,IndexVersions,8.19.0,8536000.0
promise_metrics,IndexVersions,8.19.1,8536000.0
promise_metrics,IndexVersions,8.19.2,8536000.0
promise_metrics,IndexVersions,8.19.3,8536000.0
promise_metrics,IndexVersions,8.19.4,8536000.0
promise_metrics,IndexVersions,8.19.5,8536000.0
promise_metrics,IndexVersions,8.19.6,8536000.0
promise_metrics,IndexVersions,8.19.7,8536000.0
promise_metrics,IndexVersions,9.0.0,9009000.0
promise_metrics,IndexVersions,9.0.1,9009000.0
promise_metrics,IndexVersions,9.0.2,9009000.0
promise_metrics,IndexVersions,9.0.3,9009000.0
promise_metrics,IndexVersions,9.0.4,9009000.0
promise_metrics,IndexVersions,9.0.5,9009000.0
promise_metrics,IndexVersions,9.0.6,9009000.0
promise_metrics,IndexVersions,9.0.7,9009000.0
promise_metrics,IndexVersions,9.0.8,9009000.0
promise_metrics,IndexVersions,9.1.0,9033000.0
promise_metrics,IndexVersions,9.1.1,9033000.0
promise_metrics,IndexVersions,9.1.2,9033000.0
promise_metrics,IndexVersions,9.1.3,9033000.0
promise_metrics,IndexVersions,9.1.4,9033000.0
promise_metrics,IndexVersions,9.1.5,9033000.0
promise_metrics,IndexVersions,9.1.6,9033000.0
promise_metrics,IndexVersions,9.1.7,9033000.0
promise_metrics,IndexVersions,9.2.0,9039001.0
promise_metrics,IndexVersions,9.2.1,9039001.0
