cyclomatic_complexity,cognitive_complexity,max_nesting_depth,wmc,dit,noc,cbo,rfc,lcom,essential_complexity,afferent_coupling,efferent_coupling,instability,abstractness,file
5,6.0,1,0,0,0,0,1,0.5,0,0,0,0,0,core\src\main\java\com\alibaba\druid\Constants.java
6,7.199999999999999,3,0,0,0,1,94,0.5,0,0,0,0,0,core\src\main\java\com\alibaba\druid\DbType.java
5,6.0,2,0,1,0,0,9,0.5,0,0,0,0,0,core\src\main\java\com\alibaba\druid\DruidRuntimeException.java
1,1.2,2,0,1,0,0,3,0.5,0,0,0,0,0,core\src\main\java\com\alibaba\druid\FastsqlColumnAmbiguousException.java
5,6.0,2,0,1,0,0,9,0.5,0,0,0,0,0,core\src\main\java\com\alibaba\druid\FastsqlException.java
5,6.0,1,0,1,0,1,1,0.5,0,0,0,0,0,core\src\main\java\com\alibaba\druid\TransactionTimeoutException.java
5,6.0,2,0,0,0,0,2,0.5,0,0,0,0,0,core\src\main\java\com\alibaba\druid\VERSION.java
5,6.0,1,0,0,0,4,4,0.5,0,0,0,0,0,core\src\main\java\com\alibaba\druid\filter\AutoLoad.java
5,6.0,14,0,1,0,12,492,0.5,0,0,0,0,0,core\src\main\java\com\alibaba\druid\filter\Filter.java
6,7.199999999999999,16,0,1,0,12,983,0.5,0,0,0,0,0,core\src\main\java\com\alibaba\druid\filter\FilterAdapter.java
5,6.0,13,0,0,0,12,491,0.5,0,0,0,0,0,core\src\main\java\com\alibaba\druid\filter\FilterChain.java
550,660.0,15,0,0,0,13,3172,0.5,0,0,0,0,0,core\src\main\java\com\alibaba\druid\filter\FilterChainImpl.java
22,26.4,15,0,1,0,3,217,0.5,0,0,0,0,0,core\src\main\java\com\alibaba\druid\filter\FilterEventAdapter.java
24,28.799999999999997,5,0,0,0,13,83,0.5,0,0,0,0,0,core\src\main\java\com\alibaba\druid\filter\FilterManager.java
32,38.4,6,0,1,0,16,120,0.5,0,0,0,0,0,core\src\main\java\com\alibaba\druid\filter\config\ConfigFilter.java
16,19.2,5,0,0,0,14,105,0.5,0,0,0,0,0,core\src\main\java\com\alibaba\druid\filter\config\ConfigTools.java
24,28.799999999999997,3,0,0,0,1,15,0.5,0,0,0,0,0,core\src\main\java\com\alibaba\druid\filter\encoding\CharsetConvert.java
5,6.0,2,0,0,0,0,5,0.5,0,0,0,0,0,core\src\main\java\com\alibaba\druid\filter\encoding\CharsetParameter.java
23,27.599999999999998,15,0,1,0,12,372,0.5,0,0,0,0,0,core\src\main\java\com\alibaba\druid\filter\encoding\EncodingConvertFilter.java
9,10.799999999999999,3,0,1,0,3,72,0.5,0,0,0,0,0,core\src\main\java\com\alibaba\druid\filter\logging\CommonsLogFilter.java
5,6.0,0,0,1,0,0,1,0.5,0,0,0,0,0,core\src\main\java\com\alibaba\druid\filter\logging\CommonsLogFilterMBean.java
5,6.0,2,0,1,0,2,56,0.5,0,0,0,0,0,core\src\main\java\com\alibaba\druid\filter\logging\Log4j2Filter.java
5,6.0,0,0,1,0,0,1,0.5,0,0,0,0,0,core\src\main\java\com\alibaba\druid\filter\logging\Log4j2FilterMBean.java
5,6.0,2,0,1,0,2,56,0.5,0,0,0,0,0,core\src\main\java\com\alibaba\druid\filter\logging\Log4jFilter.java
5,6.0,0,0,1,0,0,1,0.5,0,0,0,0,0,core\src\main\java\com\alibaba\druid\filter\logging\Log4jFilterMBean.java
85,102.0,14,0,1,0,14,563,0.5,0,0,0,0,0,core\src\main\java\com\alibaba\druid\filter\logging\LogFilter.java
5,6.0,1,0,0,0,1,59,0.5,0,0,0,0,0,core\src\main\java\com\alibaba\druid\filter\logging\LogFilterMBean.java
5,6.0,2,0,1,0,3,59,0.5,0,0,0,0,0,core\src\main\java\com\alibaba\druid\filter\logging\Slf4jLogFilter.java
2,2.4,3,0,0,0,4,57,0.5,0,0,0,0,0,core\src\main\java\com\alibaba\druid\filter\mysql8datetime\MySQL8DateTimeResultSetMetaData.java
20,24.0,3,0,1,0,7,16,0.5,0,0,0,0,0,core\src\main\java\com\alibaba\druid\filter\mysql8datetime\MySQL8DateTimeSqlTypeFilter.java
6,7.199999999999999,3,0,1,0,0,8,0.5,0,0,0,0,0,core\src\main\java\com\alibaba\druid\filter\stat\MergeStatFilter.java
117,140.4,14,0,1,0,24,726,0.5,0,0,0,0,0,core\src\main\java\com\alibaba\druid\filter\stat\StatFilter.java
19,22.8,3,0,0,0,2,79,0.5,0,0,0,0,0,core\src\main\java\com\alibaba\druid\filter\stat\StatFilterContext.java
5,6.0,1,0,0,0,0,15,0.5,0,0,0,0,0,core\src\main\java\com\alibaba\druid\filter\stat\StatFilterContextListener.java
5,6.0,1,0,0,0,0,15,0.5,0,0,0,0,0,core\src\main\java\com\alibaba\druid\filter\stat\StatFilterContextListenerAdapter.java
5,6.0,1,0,0,0,0,8,0.5,0,0,0,0,0,core\src\main\java\com\alibaba\druid\filter\stat\StatFilterMBean.java
5,6.0,2,0,0,0,4,17,0.5,0,0,0,0,0,core\src\main\java\com\alibaba\druid\mock\MockArray.java
5,6.0,2,0,0,0,6,20,0.5,0,0,0,0,0,core\src\main\java\com\alibaba\druid\mock\MockBlob.java
15,18.0,3,0,1,0,9,311,0.5,0,0,0,0,0,core\src\main\java\com\alibaba\druid\mock\MockCallableStatement.java
6,7.199999999999999,3,0,0,0,3,25,0.5,0,0,0,0,0,core\src\main\java\com\alibaba\druid\mock\MockClob.java
25,30.0,11,0,1,0,7,188,0.5,0,0,0,0,0,core\src\main\java\com\alibaba\druid\mock\MockConnection.java
5,6.0,2,0,1,0,1,3,0.5,0,0,0,0,0,core\src\main\java\com\alibaba\druid\mock\MockConnectionClosedException.java
28,33.6,5,0,0,0,13,159,0.5,0,0,0,0,0,core\src\main\java\com\alibaba\druid\mock\MockDriver.java
5,6.0,1,0,0,0,1,12,0.5,0,0,0,0,0,core\src\main\java\com\alibaba\druid\mock\MockDriverMBean.java
5,6.0,0,0,1,0,1,1,0.5,0,0,0,0,0,core\src\main\java\com\alibaba\druid\mock\MockNClob.java
5,6.0,3,0,0,0,4,48,0.5,0,0,0,0,0,core\src\main\java\com\alibaba\druid\mock\MockParameterMetaData.java
10,12.0,3,0,1,0,4,37,0.5,0,0,0,0,0,core\src\main\java\com\alibaba\druid\mock\MockPreparedStatement.java
5,6.0,2,0,0,0,3,6,0.5,0,0,0,0,0,core\src\main\java\com\alibaba\druid\mock\MockRef.java
10,12.0,3,0,1,0,7,27,0.5,0,0,0,0,0,core\src\main\java\com\alibaba\druid\mock\MockResultSet.java
5,6.0,1,0,1,0,2,2,0.5,0,0,0,0,0,core\src\main\java\com\alibaba\druid\mock\MockResultSetMetaData.java
5,6.0,2,0,0,0,1,5,0.5,0,0,0,0,0,core\src\main\java\com\alibaba\druid\mock\MockRowId.java
5,6.0,2,0,0,0,1,5,0.5,0,0,0,0,0,core\src\main\java\com\alibaba\druid\mock\MockSavepoint.java
5,6.0,2,0,1,0,8,10,0.5,0,0,0,0,0,core\src\main\java\com\alibaba\druid\mock\MockSQLXML.java
12,14.399999999999999,3,0,1,0,7,34,0.5,0,0,0,0,0,core\src\main\java\com\alibaba\druid\mock\MockStatement.java
5,6.0,1,0,1,0,2,2,0.5,0,0,0,0,0,core\src\main\java\com\alibaba\druid\mock\MockStatementBase.java
5,6.0,2,0,0,0,3,4,0.5,0,0,0,0,0,core\src\main\java\com\alibaba\druid\mock\MockStruct.java
5,6.0,1,0,0,0,3,2,0.5,0,0,0,0,0,core\src\main\java\com\alibaba\druid\mock\handler\MockExecuteHandler.java
25,30.0,5,0,0,0,17,109,0.5,0,0,0,0,0,core\src\main\java\com\alibaba\druid\mock\handler\MySqlMockExecuteHandlerImpl.java
5,6.0,2,0,1,0,1,3,0.5,0,0,0,0,0,core\src\main\java\com\alibaba\druid\pool\DataSourceClosedException.java
5,6.0,2,0,1,0,1,7,0.5,0,0,0,0,0,core\src\main\java\com\alibaba\druid\pool\DataSourceDisableException.java
5,6.0,2,0,1,0,1,3,0.5,0,0,0,0,0,core\src\main\java\com\alibaba\druid\pool\DataSourceNotAvailableException.java
182,218.4,9,0,1,0,37,1004,0.5,0,0,0,0,0,core\src\main\java\com\alibaba\druid\pool\DruidAbstractDataSource.java
5,6.0,1,0,0,0,2,78,0.5,0,0,0,0,0,core\src\main\java\com\alibaba\druid\pool\DruidAbstractDataSourceMBean.java
37,44.4,6,0,1,0,22,181,0.5,0,0,0,0,0,core\src\main\java\com\alibaba\druid\pool\DruidConnectionHolder.java
539,646.8,10,3,1,0,56,2119,0.5,0,0,0,0,0,core\src\main\java\com\alibaba\druid\pool\DruidDataSource.java
7,8.4,3,0,0,0,10,195,0.5,0,0,0,0,0,core\src\main\java\com\alibaba\druid\pool\DruidDataSourceC3P0Adapter.java
5,6.0,1,0,0,0,1,25,0.5,0,0,0,0,0,core\src\main\java\com\alibaba\druid\pool\DruidDataSourceC3P0AdapterMBean.java
58,69.6,6,0,0,0,11,252,0.5,0,0,0,0,0,core\src\main\java\com\alibaba\druid\pool\DruidDataSourceFactory.java
5,6.0,1,0,1,0,3,34,0.5,0,0,0,0,0,core\src\main\java\com\alibaba\druid\pool\DruidDataSourceMBean.java
6,7.199999999999999,1,0,0,0,2,5,0.5,0,0,0,0,0,core\src\main\java\com\alibaba\druid\pool\DruidDataSourceStatLogger.java
5,6.0,1,0,0,0,2,5,0.5,0,0,0,0,0,core\src\main\java\com\alibaba\druid\pool\DruidDataSourceStatLoggerAdapter.java
41,49.199999999999996,5,0,1,0,9,195,0.5,0,0,0,0,0,core\src\main\java\com\alibaba\druid\pool\DruidDataSourceStatLoggerImpl.java
7,8.4,4,0,0,0,6,144,0.5,0,0,0,0,0,core\src\main\java\com\alibaba\druid\pool\DruidDataSourceStatValue.java
119,142.79999999999998,10,0,1,0,6,469,0.5,0,0,0,0,0,core\src\main\java\com\alibaba\druid\pool\DruidPooledCallableStatement.java
122,146.4,11,0,1,0,19,598,0.5,0,0,0,0,0,core\src\main\java\com\alibaba\druid\pool\DruidPooledConnection.java
101,121.19999999999999,10,0,1,0,11,447,0.5,0,0,0,0,0,core\src\main\java\com\alibaba\druid\pool\DruidPooledPreparedStatement.java
195,234.0,5,0,1,0,5,762,0.5,0,0,0,0,0,core\src\main\java\com\alibaba\druid\pool\DruidPooledResultSet.java
92,110.39999999999999,5,0,1,0,9,390,0.5,0,0,0,0,0,core\src\main\java\com\alibaba\druid\pool\DruidPooledStatement.java
5,6.0,3,0,0,0,18,114,0.5,0,0,0,0,0,core\src\main\java\com\alibaba\druid\pool\DruidStatementConnection.java
10,12.0,1,0,0,0,2,3,0.5,0,0,0,0,0,core\src\main\java\com\alibaba\druid\pool\ExceptionSorter.java
5,6.0,2,0,1,0,1,5,0.5,0,0,0,0,0,core\src\main\java\com\alibaba\druid\pool\GetConnectionTimeoutException.java
7,8.4,3,0,0,0,2,9,0.5,0,0,0,0,0,core\src\main\java\com\alibaba\druid\pool\JDBC4ValidConnectionChecker.java
5,6.0,1,0,1,0,2,5,0.5,0,0,0,0,0,core\src\main\java\com\alibaba\druid\pool\ManagedDataSource.java
21,25.2,4,0,0,0,4,44,0.5,0,0,0,0,0,core\src\main\java\com\alibaba\druid\pool\PoolableWrapper.java
6,7.199999999999999,3,0,0,0,2,19,0.5,0,0,0,0,0,core\src\main\java\com\alibaba\druid\pool\PreparedStatementHolder.java
26,31.2,7,0,1,0,12,97,0.5,0,0,0,0,0,core\src\main\java\com\alibaba\druid\pool\PreparedStatementPool.java
6,7.199999999999999,1,0,0,0,2,3,0.5,0,0,0,0,0,core\src\main\java\com\alibaba\druid\pool\ValidConnectionChecker.java
14,16.8,4,0,0,0,7,28,0.5,0,0,0,0,0,core\src\main\java\com\alibaba\druid\pool\ValidConnectionCheckerAdapter.java
7,8.4,3,0,0,0,1,10,0.5,0,0,0,0,0,core\src\main\java\com\alibaba\druid\pool\WrapperAdapter.java
5,6.0,10,0,0,0,2,65,0.5,0,0,0,0,0,core\src\main\java\com\alibaba\druid\pool\ha\DataSourceCreator.java
28,33.6,5,0,1,0,26,177,0.5,0,0,0,0,0,core\src\main\java\com\alibaba\druid\pool\ha\HighAvailableDataSource.java
22,26.4,5,0,0,0,6,49,0.5,0,0,0,0,0,core\src\main\java\com\alibaba\druid\pool\ha\PropertiesUtils.java
19,22.8,5,0,1,0,10,65,0.5,0,0,0,0,0,core\src\main\java\com\alibaba\druid\pool\ha\node\FileNodeListener.java
12,14.399999999999999,4,0,0,0,4,49,0.5,0,0,0,0,0,core\src\main\java\com\alibaba\druid\pool\ha\node\NodeEvent.java
5,6.0,1,0,0,0,0,1,0.5,0,0,0,0,0,core\src\main\java\com\alibaba\druid\pool\ha\node\NodeEventTypeEnum.java
9,10.799999999999999,4,0,1,0,4,35,0.5,0,0,0,0,0,core\src\main\java\com\alibaba\druid\pool\ha\node\NodeListener.java
40,48.0,9,0,0,0,14,122,0.5,0,0,0,0,0,core\src\main\java\com\alibaba\druid\pool\ha\node\PoolUpdater.java
9,10.799999999999999,4,0,0,0,0,18,0.5,0,0,0,0,0,core\src\main\java\com\alibaba\druid\pool\ha\node\ZookeeperNodeInfo.java
36,43.199999999999996,7,0,1,0,19,167,0.5,0,0,0,0,0,core\src\main\java\com\alibaba\druid\pool\ha\node\ZookeeperNodeListener.java
23,27.599999999999998,5,0,0,0,12,85,0.5,0,0,0,0,0,core\src\main\java\com\alibaba\druid\pool\ha\node\ZookeeperNodeRegister.java
8,9.6,1,0,0,0,1,6,0.5,0,0,0,0,0,core\src\main\java\com\alibaba\druid\pool\ha\selector\DataSourceSelector.java
11,13.2,3,0,1,0,3,16,0.5,0,0,0,0,0,core\src\main\java\com\alibaba\druid\pool\ha\selector\DataSourceSelectorEnum.java
9,10.799999999999999,4,0,0,0,1,8,0.5,0,0,0,0,0,core\src\main\java\com\alibaba\druid\pool\ha\selector\DataSourceSelectorFactory.java
11,13.2,4,0,0,0,3,32,0.5,0,0,0,0,0,core\src\main\java\com\alibaba\druid\pool\ha\selector\NamedDataSourceSelector.java
17,20.4,6,0,0,0,6,50,0.5,0,0,0,0,0,core\src\main\java\com\alibaba\druid\pool\ha\selector\RandomDataSourceRecoverThread.java
33,39.6,5,0,0,0,7,142,0.5,0,0,0,0,0,core\src\main\java\com\alibaba\druid\pool\ha\selector\RandomDataSourceSelector.java
6,7.199999999999999,3,0,1,0,5,14,0.5,0,0,0,0,0,core\src\main\java\com\alibaba\druid\pool\ha\selector\RandomDataSourceValidateFilter.java
49,58.8,7,0,0,0,14,186,0.5,0,0,0,0,0,core\src\main\java\com\alibaba\druid\pool\ha\selector\RandomDataSourceValidateThread.java
6,7.199999999999999,2,0,0,0,1,9,0.5,0,0,0,0,0,core\src\main\java\com\alibaba\druid\pool\ha\selector\StickyDataSourceHolder.java
9,10.799999999999999,4,0,1,0,5,48,0.5,0,0,0,0,0,core\src\main\java\com\alibaba\druid\pool\ha\selector\StickyRandomDataSourceSelector.java
6,7.199999999999999,6,0,0,0,6,14,0.5,0,0,0,0,0,core\src\main\java\com\alibaba\druid\pool\vendor\AbstractOracleExceptionSorter.java
7,8.4,4,0,0,0,4,9,0.5,0,0,0,0,0,core\src\main\java\com\alibaba\druid\pool\vendor\DB2ExceptionSorter.java
8,9.6,4,0,0,0,5,6,0.5,0,0,0,0,0,core\src\main\java\com\alibaba\druid\pool\vendor\InformixExceptionSorter.java
5,6.0,2,0,0,0,4,5,0.5,0,0,0,0,0,core\src\main\java\com\alibaba\druid\pool\vendor\MockExceptionSorter.java
7,8.4,9,0,1,0,5,8,0.5,0,0,0,0,0,core\src\main\java\com\alibaba\druid\pool\vendor\MSSQLValidConnectionChecker.java
17,20.4,5,0,0,0,5,37,0.5,0,0,0,0,0,core\src\main\java\com\alibaba\druid\pool\vendor\MySqlExceptionSorter.java
12,14.399999999999999,9,0,1,0,8,22,0.5,0,0,0,0,0,core\src\main\java\com\alibaba\druid\pool\vendor\MySqlValidConnectionChecker.java
5,6.0,2,0,0,0,3,5,0.5,0,0,0,0,0,core\src\main\java\com\alibaba\druid\pool\vendor\NullExceptionSorter.java
23,27.599999999999998,5,0,1,0,4,39,0.5,0,0,0,0,0,core\src\main\java\com\alibaba\druid\pool\vendor\OceanBaseOracleExceptionSorter.java
10,12.0,9,0,1,0,5,15,0.5,0,0,0,0,0,core\src\main\java\com\alibaba\druid\pool\vendor\OceanBaseValidConnectionChecker.java
26,31.2,5,0,1,0,4,31,0.5,0,0,0,0,0,core\src\main\java\com\alibaba\druid\pool\vendor\OracleExceptionSorter.java
9,10.799999999999999,9,0,1,0,6,18,0.5,0,0,0,0,0,core\src\main\java\com\alibaba\druid\pool\vendor\OracleValidConnectionChecker.java
8,9.6,3,0,0,0,4,8,0.5,0,0,0,0,0,core\src\main\java\com\alibaba\druid\pool\vendor\PGExceptionSorter.java
7,8.4,9,0,1,0,5,10,0.5,0,0,0,0,0,core\src\main\java\com\alibaba\druid\pool\vendor\PGValidConnectionChecker.java
8,9.6,3,0,0,0,5,8,0.5,0,0,0,0,0,core\src\main\java\com\alibaba\druid\pool\vendor\PhoenixExceptionSorter.java
8,9.6,4,0,0,0,5,15,0.5,0,0,0,0,0,core\src\main\java\com\alibaba\druid\pool\vendor\SybaseExceptionSorter.java
5,6.0,2,0,0,0,7,15,0.5,0,0,0,0,0,core\src\main\java\com\alibaba\druid\pool\xa\DruidPooledXAConnection.java
8,9.6,5,0,1,0,14,31,0.5,0,0,0,0,0,core\src\main\java\com\alibaba\druid\pool\xa\DruidXADataSource.java
6,7.199999999999999,3,0,0,0,8,15,0.5,0,0,0,0,0,core\src\main\java\com\alibaba\druid\pool\xa\JtdsXAConnection.java
11,13.2,4,0,0,0,8,45,0.5,0,0,0,0,0,core\src\main\java\com\alibaba\druid\pool\xa\JtdsXAResource.java
31,37.199999999999996,6,0,0,0,25,141,0.5,0,0,0,0,0,core\src\main\java\com\alibaba\druid\proxy\DruidDriver.java
5,6.0,1,0,0,0,0,9,0.5,0,0,0,0,0,core\src\main\java\com\alibaba\druid\proxy\DruidDriverMBean.java
5,6.0,1,0,1,0,1,2,0.5,0,0,0,0,0,core\src\main\java\com\alibaba\druid\proxy\jdbc\CallableStatementProxy.java
6,7.199999999999999,3,0,1,0,7,457,0.5,0,0,0,0,0,core\src\main\java\com\alibaba\druid\proxy\jdbc\CallableStatementProxyImpl.java
5,6.0,1,0,1,0,1,3,0.5,0,0,0,0,0,core\src\main\java\com\alibaba\druid\proxy\jdbc\ClobProxy.java
6,7.199999999999999,3,0,0,0,8,49,0.5,0,0,0,0,0,core\src\main\java\com\alibaba\druid\proxy\jdbc\ClobProxyImpl.java
5,6.0,1,0,1,0,3,8,0.5,0,0,0,0,0,core\src\main\java\com\alibaba\druid\proxy\jdbc\ConnectionProxy.java
13,15.6,11,0,1,0,7,247,0.5,0,0,0,0,0,core\src\main\java\com\alibaba\druid\proxy\jdbc\ConnectionProxyImpl.java
5,6.0,10,0,0,0,1,354,0.5,0,0,0,0,0,core\src\main\java\com\alibaba\druid\proxy\jdbc\DatabaseMetaDataProxyImpl.java
5,6.0,1,0,0,0,5,15,0.5,0,0,0,0,0,core\src\main\java\com\alibaba\druid\proxy\jdbc\DataSourceProxy.java
5,6.0,2,0,0,0,5,20,0.5,0,0,0,0,0,core\src\main\java\com\alibaba\druid\proxy\jdbc\DataSourceProxyConfig.java
16,19.2,4,0,0,0,15,304,0.5,0,0,0,0,0,core\src\main\java\com\alibaba\druid\proxy\jdbc\DataSourceProxyImpl.java
5,6.0,1,0,0,0,1,10,0.5,0,0,0,0,0,core\src\main\java\com\alibaba\druid\proxy\jdbc\DataSourceProxyImplMBean.java
5,6.0,2,0,0,0,1,5,0.5,0,0,0,0,0,core\src\main\java\com\alibaba\druid\proxy\jdbc\JdbcParameter.java
5,6.0,2,0,0,0,3,6,0.5,0,0,0,0,0,core\src\main\java\com\alibaba\druid\proxy\jdbc\JdbcParameterDate.java
8,9.6,3,0,0,0,3,18,0.5,0,0,0,0,0,core\src\main\java\com\alibaba\druid\proxy\jdbc\JdbcParameterDecimal.java
5,6.0,2,0,0,0,1,15,0.5,0,0,0,0,0,core\src\main\java\com\alibaba\druid\proxy\jdbc\JdbcParameterImpl.java
7,8.4,3,0,0,0,2,11,0.5,0,0,0,0,0,core\src\main\java\com\alibaba\druid\proxy\jdbc\JdbcParameterInt.java
7,8.4,3,0,0,0,2,12,0.5,0,0,0,0,0,core\src\main\java\com\alibaba\druid\proxy\jdbc\JdbcParameterLong.java
5,6.0,4,0,0,0,2,26,0.5,0,0,0,0,0,core\src\main\java\com\alibaba\druid\proxy\jdbc\JdbcParameterNull.java
5,6.0,2,0,0,0,2,7,0.5,0,0,0,0,0,core\src\main\java\com\alibaba\druid\proxy\jdbc\JdbcParameterString.java
5,6.0,2,0,0,0,3,6,0.5,0,0,0,0,0,core\src\main\java\com\alibaba\druid\proxy\jdbc\JdbcParameterTimestamp.java
5,6.0,1,0,1,0,1,2,0.5,0,0,0,0,0,core\src\main\java\com\alibaba\druid\proxy\jdbc\NClobProxy.java
5,6.0,2,0,1,0,1,4,0.5,0,0,0,0,0,core\src\main\java\com\alibaba\druid\proxy\jdbc\NClobProxyImpl.java
5,6.0,1,0,1,0,2,4,0.5,0,0,0,0,0,core\src\main\java\com\alibaba\druid\proxy\jdbc\PreparedStatementProxy.java
57,68.39999999999999,5,0,1,0,11,477,0.5,0,0,0,0,0,core\src\main\java\com\alibaba\druid\proxy\jdbc\PreparedStatementProxyImpl.java
5,6.0,1,0,1,0,1,3,0.5,0,0,0,0,0,core\src\main\java\com\alibaba\druid\proxy\jdbc\ResultSetMetaDataProxy.java
6,7.199999999999999,3,0,1,0,3,97,0.5,0,0,0,0,0,core\src\main\java\com\alibaba\druid\proxy\jdbc\ResultSetMetaDataProxyImpl.java
5,6.0,1,0,1,0,4,26,0.5,0,0,0,0,0,core\src\main\java\com\alibaba\druid\proxy\jdbc\ResultSetProxy.java
15,18.0,4,0,1,0,10,811,0.5,0,0,0,0,0,core\src\main\java\com\alibaba\druid\proxy\jdbc\ResultSetProxyImpl.java
5,6.0,1,0,0,0,0,1,0.5,0,0,0,0,0,core\src\main\java\com\alibaba\druid\proxy\jdbc\StatementExecuteType.java
5,6.0,1,0,1,0,4,19,0.5,0,0,0,0,0,core\src\main\java\com\alibaba\druid\proxy\jdbc\StatementProxy.java
22,26.4,4,0,1,0,7,228,0.5,0,0,0,0,0,core\src\main\java\com\alibaba\druid\proxy\jdbc\StatementProxyImpl.java
6,7.199999999999999,2,0,1,0,0,3,0.5,0,0,0,0,0,core\src\main\java\com\alibaba\druid\proxy\jdbc\TransactionInfo.java
5,6.0,1,0,1,0,2,8,0.5,0,0,0,0,0,core\src\main\java\com\alibaba\druid\proxy\jdbc\WrapperProxy.java
14,16.8,3,0,0,0,5,35,0.5,0,0,0,0,0,core\src\main\java\com\alibaba\druid\proxy\jdbc\WrapperProxyImpl.java
106,127.19999999999999,12,0,1,0,15,574,0.5,0,0,0,0,0,core\src\main\java\com\alibaba\druid\sql\PagerUtils.java
19,22.8,7,0,0,0,5,100,0.5,0,0,0,0,0,core\src\main\java\com\alibaba\druid\sql\SQLDialect.java
264,316.8,11,0,1,0,70,1257,0.5,0,0,0,0,0,core\src\main\java\com\alibaba\druid\sql\SQLUtils.java
1,1.2,2,0,0,0,0,6,0.5,0,0,0,0,0,core\src\main\java\com\alibaba\druid\sql\ast\AutoIncrementType.java
1,1.2,1,0,0,0,0,0,0.5,0,0,0,0,0,core\src\main\java\com\alibaba\druid\sql\ast\ClusteringType.java
1,1.2,1,0,0,0,0,0,0.5,0,0,0,0,0,core\src\main\java\com\alibaba\druid\sql\ast\DistributedByType.java
3,3.5999999999999996,3,0,1,0,3,12,0.5,0,0,0,0,0,core\src\main\java\com\alibaba\druid\sql\ast\SQLAdhocTableSource.java
11,13.2,6,0,1,0,1,42,0.5,0,0,0,0,0,core\src\main\java\com\alibaba\druid\sql\ast\SQLAnnIndex.java
8,9.6,3,0,1,0,1,17,0.5,0,0,0,0,0,core\src\main\java\com\alibaba\druid\sql\ast\SQLArgument.java
5,6.0,3,0,1,0,7,45,0.5,0,0,0,0,0,core\src\main\java\com\alibaba\druid\sql\ast\SQLArrayDataType.java
5,6.0,2,0,1,0,1,11,0.5,0,0,0,0,0,core\src\main\java\com\alibaba\druid\sql\ast\SQLCommentHint.java
4,4.8,3,0,1,0,1,14,0.5,0,0,0,0,0,core\src\main\java\com\alibaba\druid\sql\ast\SQLComputeIncrementalStatsStatement.java
5,6.0,3,0,1,0,2,34,0.5,0,0,0,0,0,core\src\main\java\com\alibaba\druid\sql\ast\SQLCurrentTimeExpr.java
3,3.5999999999999996,3,0,1,0,1,12,0.5,0,0,0,0,0,core\src\main\java\com\alibaba\druid\sql\ast\SQLCurrentUserExpr.java
5,6.0,2,0,1,0,2,19,0.5,0,0,0,0,0,core\src\main\java\com\alibaba\druid\sql\ast\SQLDataType.java
71,85.2,5,0,1,0,9,154,0.5,0,0,0,0,0,core\src\main\java\com\alibaba\druid\sql\ast\SQLDataTypeImpl.java
5,6.0,6,0,1,0,1,22,0.5,0,0,0,0,0,core\src\main\java\com\alibaba\druid\sql\ast\SQLDataTypeRefExpr.java
5,6.0,1,0,1,0,1,2,0.5,0,0,0,0,0,core\src\main\java\com\alibaba\druid\sql\ast\SQLDbTypedObject.java
11,13.2,3,0,1,0,4,42,0.5,0,0,0,0,0,core\src\main\java\com\alibaba\druid\sql\ast\SQLDeclareItem.java
5,6.0,1,0,1,0,1,5,0.5,0,0,0,0,0,core\src\main\java\com\alibaba\druid\sql\ast\SQLExpr.java
5,6.0,3,0,0,0,1,18,0.5,0,0,0,0,0,core\src\main\java\com\alibaba\druid\sql\ast\SQLExprComparor.java
6,7.199999999999999,3,0,1,0,1,15,0.5,0,0,0,0,0,core\src\main\java\com\alibaba\druid\sql\ast\SQLExprImpl.java
5,6.0,1,0,1,0,0,2,0.5,0,0,0,0,0,core\src\main\java\com\alibaba\druid\sql\ast\SQLHint.java
1,1.2,1,0,1,0,2,2,0.5,0,0,0,0,0,core\src\main\java\com\alibaba\druid\sql\ast\SQLIndex.java
63,75.6,5,0,1,0,8,234,0.5,0,0,0,0,0,core\src\main\java\com\alibaba\druid\sql\ast\SQLIndexDefinition.java
15,18.0,4,0,1,0,5,114,0.5,0,0,0,0,0,core\src\main\java\com\alibaba\druid\sql\ast\SQLIndexOptions.java
1,1.2,2,0,1,0,1,4,0.5,0,0,0,0,0,core\src\main\java\com\alibaba\druid\sql\ast\SQLJSONValueExpr.java
8,9.6,3,0,1,0,1,17,0.5,0,0,0,0,0,core\src\main\java\com\alibaba\druid\sql\ast\SQLKeep.java
31,37.199999999999996,5,0,1,0,5,90,0.5,0,0,0,0,0,core\src\main\java\com\alibaba\druid\sql\ast\SQLLimit.java
6,7.199999999999999,3,0,1,0,7,49,0.5,0,0,0,0,0,core\src\main\java\com\alibaba\druid\sql\ast\SQLMapDataType.java
5,6.0,1,0,1,0,1,6,0.5,0,0,0,0,0,core\src\main\java\com\alibaba\druid\sql\ast\SQLName.java
5,6.0,2,0,0,0,3,23,0.5,0,0,0,0,0,core\src\main\java\com\alibaba\druid\sql\ast\SQLObject.java
40,48.0,4,0,1,0,11,133,0.5,0,0,0,0,0,core\src\main\java\com\alibaba\druid\sql\ast\SQLObjectImpl.java
5,6.0,1,0,1,0,0,3,0.5,0,0,0,0,0,core\src\main\java\com\alibaba\druid\sql\ast\SQLObjectWithDataType.java
15,18.0,4,0,1,0,4,55,0.5,0,0,0,0,0,core\src\main\java\com\alibaba\druid\sql\ast\SQLOrderBy.java
5,6.0,2,0,0,0,0,5,0.5,0,0,0,0,0,core\src\main\java\com\alibaba\druid\sql\ast\SQLOrderingSpecification.java
40,48.0,6,0,1,0,3,140,0.5,0,0,0,0,0,core\src\main\java\com\alibaba\druid\sql\ast\SQLOver.java
15,18.0,3,0,1,0,3,67,0.5,0,0,0,0,0,core\src\main\java\com\alibaba\druid\sql\ast\SQLParameter.java
1,1.2,2,0,1,0,1,4,0.5,0,0,0,0,0,core\src\main\java\com\alibaba\druid\sql\ast\SQLPartition.java
2,2.4,3,0,1,0,1,19,0.5,0,0,0,0,0,core\src\main\java\com\alibaba\druid\sql\ast\SQLPartitionBatch.java
16,19.2,5,0,1,0,4,57,0.5,0,0,0,0,0,core\src\main\java\com\alibaba\druid\sql\ast\SQLPartitionBy.java
8,9.6,3,0,1,0,1,23,0.5,0,0,0,0,0,core\src\main\java\com\alibaba\druid\sql\ast\SQLPartitionByHash.java
7,8.4,3,0,1,0,1,21,0.5,0,0,0,0,0,core\src\main\java\com\alibaba\druid\sql\ast\SQLPartitionByList.java
15,18.0,3,0,1,0,2,59,0.5,0,0,0,0,0,core\src\main\java\com\alibaba\druid\sql\ast\SQLPartitionByRange.java
7,8.4,3,0,1,0,1,18,0.5,0,0,0,0,0,core\src\main\java\com\alibaba\druid\sql\ast\SQLPartitionByValue.java
15,18.0,4,0,1,0,3,46,0.5,0,0,0,0,0,core\src\main\java\com\alibaba\druid\sql\ast\SQLPartitionOf.java
17,20.4,3,0,1,0,3,56,0.5,0,0,0,0,0,core\src\main\java\com\alibaba\druid\sql\ast\SQLPartitionSingle.java
6,7.199999999999999,4,0,1,0,3,33,0.5,0,0,0,0,0,core\src\main\java\com\alibaba\druid\sql\ast\SQLPartitionSpec.java
8,9.6,3,0,1,0,4,23,0.5,0,0,0,0,0,core\src\main\java\com\alibaba\druid\sql\ast\SQLPartitionValue.java
6,7.199999999999999,3,0,1,0,4,37,0.5,0,0,0,0,0,core\src\main\java\com\alibaba\druid\sql\ast\SQLPivot.java
7,8.4,3,0,1,0,4,18,0.5,0,0,0,0,0,core\src\main\java\com\alibaba\druid\sql\ast\SQLRecordDataType.java
5,6.0,1,0,0,0,0,2,0.5,0,0,0,0,0,core\src\main\java\com\alibaba\druid\sql\ast\SQLReplaceable.java
1,1.2,2,0,1,0,3,6,0.5,0,0,0,0,0,core\src\main\java\com\alibaba\druid\sql\ast\SQLResetStatement.java
3,3.5999999999999996,3,0,1,0,8,39,0.5,0,0,0,0,0,core\src\main\java\com\alibaba\druid\sql\ast\SQLRowDataType.java
5,6.0,1,0,0,0,0,1,0.5,0,0,0,0,0,core\src\main\java\com\alibaba\druid\sql\ast\SQLSetQuantifier.java
5,6.0,1,0,1,0,3,12,0.5,0,0,0,0,0,core\src\main\java\com\alibaba\druid\sql\ast\SQLStatement.java
5,6.0,2,0,1,0,6,34,0.5,0,0,0,0,0,core\src\main\java\com\alibaba\druid\sql\ast\SQLStatementImpl.java
7,8.4,4,0,1,0,9,65,0.5,0,0,0,0,0,core\src\main\java\com\alibaba\druid\sql\ast\SQLStructDataType.java
13,15.6,3,0,1,0,2,43,0.5,0,0,0,0,0,core\src\main\java\com\alibaba\druid\sql\ast\SQLSubPartition.java
9,10.799999999999999,3,0,1,0,4,27,0.5,0,0,0,0,0,core\src\main\java\com\alibaba\druid\sql\ast\SQLSubPartitionBy.java
9,10.799999999999999,4,0,1,0,1,22,0.5,0,0,0,0,0,core\src\main\java\com\alibaba\druid\sql\ast\SQLSubPartitionByHash.java
8,9.6,4,0,1,0,1,18,0.5,0,0,0,0,0,core\src\main\java\com\alibaba\druid\sql\ast\SQLSubPartitionByList.java
9,10.799999999999999,5,0,1,0,4,21,0.5,0,0,0,0,0,core\src\main\java\com\alibaba\druid\sql\ast\SQLSubPartitionByRange.java
3,3.5999999999999996,3,0,1,0,8,34,0.5,0,0,0,0,0,core\src\main\java\com\alibaba\druid\sql\ast\SQLTableDataType.java
5,6.0,3,0,1,0,2,28,0.5,0,0,0,0,0,core\src\main\java\com\alibaba\druid\sql\ast\SQLTop.java
4,4.8,3,0,1,0,3,17,0.5,0,0,0,0,0,core\src\main\java\com\alibaba\druid\sql\ast\SQLUnionDataType.java
8,9.6,4,0,1,0,4,43,0.5,0,0,0,0,0,core\src\main\java\com\alibaba\druid\sql\ast\SQLUnpivot.java
4,4.8,3,0,1,0,1,17,0.5,0,0,0,0,0,core\src\main\java\com\alibaba\druid\sql\ast\SQLWindow.java
15,18.0,4,0,1,0,4,55,0.5,0,0,0,0,0,core\src\main\java\com\alibaba\druid\sql\ast\SQLZOrderBy.java
41,49.199999999999996,7,7,1,0,10,180,0.5,0,0,0,0,0,core\src\main\java\com\alibaba\druid\sql\ast\TDDLHint.java
53,63.599999999999994,5,0,1,0,8,160,0.5,0,0,0,0,0,core\src\main\java\com\alibaba\druid\sql\ast\expr\SQLAggregateExpr.java
6,7.199999999999999,1,0,0,0,0,1,0.5,0,0,0,0,0,core\src\main\java\com\alibaba\druid\sql\ast\expr\SQLAggregateOption.java
17,20.4,5,0,1,0,7,70,0.5,0,0,0,0,0,core\src\main\java\com\alibaba\druid\sql\ast\expr\SQLAliasedExpr.java
7,8.4,3,0,1,0,9,31,0.5,0,0,0,0,0,core\src\main\java\com\alibaba\druid\sql\ast\expr\SQLAllColumnExpr.java
15,18.0,4,0,1,0,6,36,0.5,0,0,0,0,0,core\src\main\java\com\alibaba\druid\sql\ast\expr\SQLAllExpr.java
18,21.599999999999998,4,0,1,0,9,45,0.5,0,0,0,0,0,core\src\main\java\com\alibaba\druid\sql\ast\expr\SQLAnyExpr.java
24,28.799999999999997,4,0,1,0,8,71,0.5,0,0,0,0,0,core\src\main\java\com\alibaba\druid\sql\ast\expr\SQLArrayExpr.java
6,7.199999999999999,3,0,1,0,4,31,0.5,0,0,0,0,0,core\src\main\java\com\alibaba\druid\sql\ast\expr\SQLAtTimeZoneExpr.java
31,37.199999999999996,4,0,1,0,5,85,0.5,0,0,0,0,0,core\src\main\java\com\alibaba\druid\sql\ast\expr\SQLBetweenExpr.java
12,14.399999999999999,4,0,1,0,6,42,0.5,0,0,0,0,0,core\src\main\java\com\alibaba\druid\sql\ast\expr\SQLBigIntExpr.java
17,20.4,5,0,1,0,7,48,0.5,0,0,0,0,0,core\src\main\java\com\alibaba\druid\sql\ast\expr\SQLBinaryExpr.java
8,9.6,4,0,0,0,0,87,0.5,0,0,0,0,0,core\src\main\java\com\alibaba\druid\sql\ast\expr\SQLBinaryOperator.java
146,175.2,10,0,1,0,12,473,0.5,0,0,0,0,0,core\src\main\java\com\alibaba\druid\sql\ast\expr\SQLBinaryOpExpr.java
29,34.8,7,0,1,0,10,97,0.5,0,0,0,0,0,core\src\main\java\com\alibaba\druid\sql\ast\expr\SQLBinaryOpExprGroup.java
9,10.799999999999999,3,0,1,0,5,34,0.5,0,0,0,0,0,core\src\main\java\com\alibaba\druid\sql\ast\expr\SQLBooleanExpr.java
52,62.4,5,0,1,0,7,144,0.5,0,0,0,0,0,core\src\main\java\com\alibaba\druid\sql\ast\expr\SQLCaseExpr.java
34,40.8,6,0,1,0,5,93,0.5,0,0,0,0,0,core\src\main\java\com\alibaba\druid\sql\ast\expr\SQLCaseStatement.java
19,22.8,4,0,1,0,5,62,0.5,0,0,0,0,0,core\src\main\java\com\alibaba\druid\sql\ast\expr\SQLCastExpr.java
6,7.199999999999999,3,0,1,0,8,32,0.5,0,0,0,0,0,core\src\main\java\com\alibaba\druid\sql\ast\expr\SQLCharExpr.java
27,32.4,6,0,1,0,5,73,0.5,0,0,0,0,0,core\src\main\java\com\alibaba\druid\sql\ast\expr\SQLContainsExpr.java
16,19.2,4,0,1,0,4,42,0.5,0,0,0,0,0,core\src\main\java\com\alibaba\druid\sql\ast\expr\SQLCurrentOfCursorExpr.java
40,48.0,5,0,1,0,6,149,0.5,0,0,0,0,0,core\src\main\java\com\alibaba\druid\sql\ast\expr\SQLDateExpr.java
17,20.4,3,0,1,0,6,55,0.5,0,0,0,0,0,core\src\main\java\com\alibaba\druid\sql\ast\expr\SQLDateTimeExpr.java
1,1.2,2,0,1,0,1,4,0.5,0,0,0,0,0,core\src\main\java\com\alibaba\druid\sql\ast\expr\SQLDateTypeExpr.java
15,18.0,4,0,1,0,6,50,0.5,0,0,0,0,0,core\src\main\java\com\alibaba\druid\sql\ast\expr\SQLDbLinkExpr.java
12,14.399999999999999,4,0,1,0,7,50,0.5,0,0,0,0,0,core\src\main\java\com\alibaba\druid\sql\ast\expr\SQLDecimalExpr.java
5,6.0,2,0,1,0,5,11,0.5,0,0,0,0,0,core\src\main\java\com\alibaba\druid\sql\ast\expr\SQLDefaultExpr.java
8,9.6,3,0,1,0,6,38,0.5,0,0,0,0,0,core\src\main\java\com\alibaba\druid\sql\ast\expr\SQLDoubleExpr.java
16,19.2,4,0,1,0,6,42,0.5,0,0,0,0,0,core\src\main\java\com\alibaba\druid\sql\ast\expr\SQLExistsExpr.java
28,33.6,6,0,0,0,13,85,0.5,0,0,0,0,0,core\src\main\java\com\alibaba\druid\sql\ast\expr\SQLExprUtils.java
17,20.4,4,0,1,0,7,43,0.5,0,0,0,0,0,core\src\main\java\com\alibaba\druid\sql\ast\expr\SQLExtractExpr.java
13,15.6,4,0,1,0,4,39,0.5,0,0,0,0,0,core\src\main\java\com\alibaba\druid\sql\ast\expr\SQLFlashbackExpr.java
8,9.6,3,0,1,0,6,38,0.5,0,0,0,0,0,core\src\main\java\com\alibaba\druid\sql\ast\expr\SQLFloatExpr.java
14,16.8,4,0,1,0,6,36,0.5,0,0,0,0,0,core\src\main\java\com\alibaba\druid\sql\ast\expr\SQLGroupingSetExpr.java
13,15.6,4,0,1,0,4,40,0.5,0,0,0,0,0,core\src\main\java\com\alibaba\druid\sql\ast\expr\SQLHexExpr.java
32,38.4,6,0,1,0,7,140,0.5,0,0,0,0,0,core\src\main\java\com\alibaba\druid\sql\ast\expr\SQLIdentifierExpr.java
33,39.6,6,0,1,0,7,103,0.5,0,0,0,0,0,core\src\main\java\com\alibaba\druid\sql\ast\expr\SQLInListExpr.java
26,31.2,4,0,1,0,7,70,0.5,0,0,0,0,0,core\src\main\java\com\alibaba\druid\sql\ast\expr\SQLInSubQueryExpr.java
27,32.4,4,0,1,0,8,116,0.5,0,0,0,0,0,core\src\main\java\com\alibaba\druid\sql\ast\expr\SQLIntegerExpr.java
18,21.599999999999998,4,0,1,0,4,54,0.5,0,0,0,0,0,core\src\main\java\com\alibaba\druid\sql\ast\expr\SQLIntervalExpr.java
8,9.6,4,0,0,0,1,29,0.5,0,0,0,0,0,core\src\main\java\com\alibaba\druid\sql\ast\expr\SQLIntervalUnit.java
7,8.4,3,0,1,0,5,27,0.5,0,0,0,0,0,core\src\main\java\com\alibaba\druid\sql\ast\expr\SQLJSONExpr.java
18,21.599999999999998,5,0,1,0,6,53,0.5,0,0,0,0,0,core\src\main\java\com\alibaba\druid\sql\ast\expr\SQLListExpr.java
5,6.0,1,0,1,0,1,2,0.5,0,0,0,0,0,core\src\main\java\com\alibaba\druid\sql\ast\expr\SQLLiteralExpr.java
26,31.2,6,0,1,0,7,77,0.5,0,0,0,0,0,core\src\main\java\com\alibaba\druid\sql\ast\expr\SQLMatchAgainstExpr.java
96,115.19999999999999,5,1,1,0,9,273,0.5,0,0,0,0,0,core\src\main\java\com\alibaba\druid\sql\ast\expr\SQLMethodInvokeExpr.java
6,7.199999999999999,3,0,1,0,4,21,0.5,0,0,0,0,0,core\src\main\java\com\alibaba\druid\sql\ast\expr\SQLNCharExpr.java
17,20.4,4,0,1,0,8,44,0.5,0,0,0,0,0,core\src\main\java\com\alibaba\druid\sql\ast\expr\SQLNotExpr.java
5,6.0,2,0,1,0,6,15,0.5,0,0,0,0,0,core\src\main\java\com\alibaba\druid\sql\ast\expr\SQLNullExpr.java
21,25.2,5,0,1,0,7,69,0.5,0,0,0,0,0,core\src\main\java\com\alibaba\druid\sql\ast\expr\SQLNumberExpr.java
5,6.0,2,0,1,0,3,8,0.5,0,0,0,0,0,core\src\main\java\com\alibaba\druid\sql\ast\expr\SQLNumericLiteralExpr.java
7,8.4,3,0,1,0,3,28,0.5,0,0,0,0,0,core\src\main\java\com\alibaba\druid\sql\ast\expr\SQLParametricMethodInvokeExpr.java
8,9.6,4,0,1,0,4,39,0.5,0,0,0,0,0,core\src\main\java\com\alibaba\druid\sql\ast\expr\SQLPatternExpr.java
65,78.0,8,0,1,0,8,234,0.5,0,0,0,0,0,core\src\main\java\com\alibaba\druid\sql\ast\expr\SQLPropertyExpr.java
18,21.599999999999998,4,0,1,0,10,45,0.5,0,0,0,0,0,core\src\main\java\com\alibaba\druid\sql\ast\expr\SQLQueryExpr.java
8,9.6,3,0,1,0,6,41,0.5,0,0,0,0,0,core\src\main\java\com\alibaba\druid\sql\ast\expr\SQLRealExpr.java
16,19.2,4,5,1,0,4,48,0.5,0,0,0,0,0,core\src\main\java\com\alibaba\druid\sql\ast\expr\SQLSequenceExpr.java
12,14.399999999999999,4,0,1,0,7,43,0.5,0,0,0,0,0,core\src\main\java\com\alibaba\druid\sql\ast\expr\SQLSizeExpr.java
13,15.6,4,0,1,0,6,45,0.5,0,0,0,0,0,core\src\main\java\com\alibaba\druid\sql\ast\expr\SQLSmallIntExpr.java
18,21.599999999999998,4,0,1,0,9,45,0.5,0,0,0,0,0,core\src\main\java\com\alibaba\druid\sql\ast\expr\SQLSomeExpr.java
6,7.199999999999999,4,0,1,0,7,35,0.5,0,0,0,0,0,core\src\main\java\com\alibaba\druid\sql\ast\expr\SQLStructExpr.java
11,13.2,4,0,1,0,3,23,0.5,0,0,0,0,0,core\src\main\java\com\alibaba\druid\sql\ast\expr\SQLTextLiteralExpr.java
17,20.4,3,0,1,0,8,57,0.5,0,0,0,0,0,core\src\main\java\com\alibaba\druid\sql\ast\expr\SQLTimeExpr.java
91,109.2,5,0,1,0,9,230,0.5,0,0,0,0,0,core\src\main\java\com\alibaba\druid\sql\ast\expr\SQLTimestampExpr.java
45,54.0,5,0,1,0,6,162,0.5,0,0,0,0,0,core\src\main\java\com\alibaba\druid\sql\ast\expr\SQLTimestampNTZExpr.java
13,15.6,4,0,1,0,6,45,0.5,0,0,0,0,0,core\src\main\java\com\alibaba\druid\sql\ast\expr\SQLTinyIntExpr.java
14,16.8,4,0,1,0,8,46,0.5,0,0,0,0,0,core\src\main\java\com\alibaba\druid\sql\ast\expr\SQLTypeExpr.java
17,20.4,4,0,1,0,5,48,0.5,0,0,0,0,0,core\src\main\java\com\alibaba\druid\sql\ast\expr\SQLUnaryExpr.java
6,7.199999999999999,2,0,0,0,0,12,0.5,0,0,0,0,0,core\src\main\java\com\alibaba\druid\sql\ast\expr\SQLUnaryOperator.java
5,6.0,1,0,1,0,1,2,0.5,0,0,0,0,0,core\src\main\java\com\alibaba\druid\sql\ast\expr\SQLValuableExpr.java
7,8.4,4,0,1,0,6,31,0.5,0,0,0,0,0,core\src\main\java\com\alibaba\druid\sql\ast\expr\SQLValuesExpr.java
16,19.2,5,0,1,0,7,61,0.5,0,0,0,0,0,core\src\main\java\com\alibaba\druid\sql\ast\expr\SQLVariantRefExpr.java
6,7.199999999999999,3,0,1,0,3,11,0.5,0,0,0,0,0,core\src\main\java\com\alibaba\druid\sql\ast\statement\SQLAlterCharacter.java
5,6.0,0,0,1,0,1,1,0.5,0,0,0,0,0,core\src\main\java\com\alibaba\druid\sql\ast\statement\SQLAlterDatabaseItem.java
8,9.6,3,0,1,0,8,25,0.5,0,0,0,0,0,core\src\main\java\com\alibaba\druid\sql\ast\statement\SQLAlterDatabaseStatement.java
9,10.799999999999999,3,0,1,0,4,29,0.5,0,0,0,0,0,core\src\main\java\com\alibaba\druid\sql\ast\statement\SQLAlterFunctionStatement.java
9,10.799999999999999,4,0,1,0,4,48,0.5,0,0,0,0,0,core\src\main\java\com\alibaba\druid\sql\ast\statement\SQLAlterIndexStatement.java
10,12.0,3,0,1,0,6,45,0.5,0,0,0,0,0,core\src\main\java\com\alibaba\druid\sql\ast\statement\SQLAlterMaterializedViewStatement.java
8,9.6,3,0,1,0,7,23,0.5,0,0,0,0,0,core\src\main\java\com\alibaba\druid\sql\ast\statement\SQLAlterOutlineStatement.java
8,9.6,3,0,1,0,3,25,0.5,0,0,0,0,0,core\src\main\java\com\alibaba\druid\sql\ast\statement\SQLAlterProcedureStatement.java
11,13.2,3,0,1,0,8,68,0.5,0,0,0,0,0,core\src\main\java\com\alibaba\druid\sql\ast\statement\SQLAlterSequenceStatement.java
5,6.0,2,0,1,0,0,2,0.5,0,0,0,0,0,core\src\main\java\com\alibaba\druid\sql\ast\statement\SQLAlterStatement.java
6,7.199999999999999,3,0,1,0,3,8,0.5,0,0,0,0,0,core\src\main\java\com\alibaba\druid\sql\ast\statement\SQLAlterSystemGetConfigStatement.java
6,7.199999999999999,3,0,1,0,4,11,0.5,0,0,0,0,0,core\src\main\java\com\alibaba\druid\sql\ast\statement\SQLAlterSystemSetConfigStatement.java
8,9.6,4,0,1,0,5,14,0.5,0,0,0,0,0,core\src\main\java\com\alibaba\druid\sql\ast\statement\SQLAlterTableAddClusteringKey.java
9,10.799999999999999,3,0,1,0,5,27,0.5,0,0,0,0,0,core\src\main\java\com\alibaba\druid\sql\ast\statement\SQLAlterTableAddColumn.java
7,8.4,3,0,1,0,2,19,0.5,0,0,0,0,0,core\src\main\java\com\alibaba\druid\sql\ast\statement\SQLAlterTableAddConstraint.java
2,2.4,3,0,1,0,5,10,0.5,0,0,0,0,0,core\src\main\java\com\alibaba\druid\sql\ast\statement\SQLAlterTableAddExtPartition.java
17,20.4,5,0,1,0,5,126,0.5,0,0,0,0,0,core\src\main\java\com\alibaba\druid\sql\ast\statement\SQLAlterTableAddIndex.java
9,10.799999999999999,3,0,1,0,6,24,0.5,0,0,0,0,0,core\src\main\java\com\alibaba\druid\sql\ast\statement\SQLAlterTableAddPartition.java
7,8.4,3,0,1,0,2,11,0.5,0,0,0,0,0,core\src\main\java\com\alibaba\druid\sql\ast\statement\SQLAlterTableAddSupplemental.java
9,10.799999999999999,3,0,1,0,5,32,0.5,0,0,0,0,0,core\src\main\java\com\alibaba\druid\sql\ast\statement\SQLAlterTableAlterColumn.java
17,20.4,5,0,1,0,5,126,0.5,0,0,0,0,0,core\src\main\java\com\alibaba\druid\sql\ast\statement\SQLAlterTableAlterIndex.java
7,8.4,3,0,1,0,5,12,0.5,0,0,0,0,0,core\src\main\java\com\alibaba\druid\sql\ast\statement\SQLAlterTableAnalyzePartition.java
6,7.199999999999999,3,0,1,0,4,8,0.5,0,0,0,0,0,core\src\main\java\com\alibaba\druid\sql\ast\statement\SQLAlterTableArchive.java
7,8.4,3,0,1,0,4,12,0.5,0,0,0,0,0,core\src\main\java\com\alibaba\druid\sql\ast\statement\SQLAlterTableArchivePartition.java
6,7.199999999999999,3,0,1,0,3,10,0.5,0,0,0,0,0,core\src\main\java\com\alibaba\druid\sql\ast\statement\SQLAlterTableAttachPartition.java
7,8.4,3,0,1,0,3,11,0.5,0,0,0,0,0,core\src\main\java\com\alibaba\druid\sql\ast\statement\SQLAlterTableBlockSize.java
6,7.199999999999999,3,0,1,0,5,10,0.5,0,0,0,0,0,core\src\main\java\com\alibaba\druid\sql\ast\statement\SQLAlterTableChangeOwner.java
7,8.4,3,0,1,0,5,12,0.5,0,0,0,0,0,core\src\main\java\com\alibaba\druid\sql\ast\statement\SQLAlterTableCheckPartition.java
7,8.4,3,0,1,0,3,10,0.5,0,0,0,0,0,core\src\main\java\com\alibaba\druid\sql\ast\statement\SQLAlterTableCoalescePartition.java
7,8.4,3,0,1,0,3,11,0.5,0,0,0,0,0,core\src\main\java\com\alibaba\druid\sql\ast\statement\SQLAlterTableCompression.java
8,9.6,3,0,1,0,3,16,0.5,0,0,0,0,0,core\src\main\java\com\alibaba\druid\sql\ast\statement\SQLAlterTableConvertCharSet.java
7,8.4,3,0,1,0,3,10,0.5,0,0,0,0,0,core\src\main\java\com\alibaba\druid\sql\ast\statement\SQLAlterTableDeleteByCondition.java
6,7.199999999999999,3,0,1,0,3,12,0.5,0,0,0,0,0,core\src\main\java\com\alibaba\druid\sql\ast\statement\SQLAlterTableDetachPartition.java
6,7.199999999999999,3,0,1,0,3,8,0.5,0,0,0,0,0,core\src\main\java\com\alibaba\druid\sql\ast\statement\SQLAlterTableDisableConstraint.java
5,6.0,2,0,1,0,2,4,0.5,0,0,0,0,0,core\src\main\java\com\alibaba\druid\sql\ast\statement\SQLAlterTableDisableKeys.java
6,7.199999999999999,3,0,1,0,4,8,0.5,0,0,0,0,0,core\src\main\java\com\alibaba\druid\sql\ast\statement\SQLAlterTableDisableLifecycle.java
7,8.4,3,0,1,0,5,15,0.5,0,0,0,0,0,core\src\main\java\com\alibaba\druid\sql\ast\statement\SQLAlterTableDiscardPartition.java
6,7.199999999999999,3,0,1,0,3,14,0.5,0,0,0,0,0,core\src\main\java\com\alibaba\druid\sql\ast\statement\SQLAlterTableDropCheck.java
6,7.199999999999999,3,0,1,0,3,8,0.5,0,0,0,0,0,core\src\main\java\com\alibaba\druid\sql\ast\statement\SQLAlterTableDropClusteringKey.java
7,8.4,3,0,1,0,5,19,0.5,0,0,0,0,0,core\src\main\java\com\alibaba\druid\sql\ast\statement\SQLAlterTableDropColumnItem.java
6,7.199999999999999,3,0,1,0,3,14,0.5,0,0,0,0,0,core\src\main\java\com\alibaba\druid\sql\ast\statement\SQLAlterTableDropConstraint.java
2,2.4,3,0,1,0,5,10,0.5,0,0,0,0,0,core\src\main\java\com\alibaba\druid\sql\ast\statement\SQLAlterTableDropExtPartition.java
6,7.199999999999999,3,0,1,0,3,8,0.5,0,0,0,0,0,core\src\main\java\com\alibaba\druid\sql\ast\statement\SQLAlterTableDropForeignKey.java
6,7.199999999999999,3,0,1,0,3,8,0.5,0,0,0,0,0,core\src\main\java\com\alibaba\druid\sql\ast\statement\SQLAlterTableDropIndex.java
6,7.199999999999999,3,0,1,0,3,8,0.5,0,0,0,0,0,core\src\main\java\com\alibaba\druid\sql\ast\statement\SQLAlterTableDropKey.java
7,8.4,3,0,1,0,5,16,0.5,0,0,0,0,0,core\src\main\java\com\alibaba\druid\sql\ast\statement\SQLAlterTableDropPartition.java
5,6.0,2,0,1,0,2,4,0.5,0,0,0,0,0,core\src\main\java\com\alibaba\druid\sql\ast\statement\SQLAlterTableDropPrimaryKey.java
6,7.199999999999999,3,0,1,0,5,14,0.5,0,0,0,0,0,core\src\main\java\com\alibaba\druid\sql\ast\statement\SQLAlterTableDropSubpartition.java
6,7.199999999999999,3,0,1,0,3,8,0.5,0,0,0,0,0,core\src\main\java\com\alibaba\druid\sql\ast\statement\SQLAlterTableEnableConstraint.java
5,6.0,2,0,1,0,2,4,0.5,0,0,0,0,0,core\src\main\java\com\alibaba\druid\sql\ast\statement\SQLAlterTableEnableKeys.java
6,7.199999999999999,3,0,1,0,4,8,0.5,0,0,0,0,0,core\src\main\java\com\alibaba\druid\sql\ast\statement\SQLAlterTableEnableLifecycle.java
8,9.6,3,0,1,0,6,23,0.5,0,0,0,0,0,core\src\main\java\com\alibaba\druid\sql\ast\statement\SQLAlterTableExchangePartition.java
7,8.4,3,0,1,0,6,15,0.5,0,0,0,0,0,core\src\main\java\com\alibaba\druid\sql\ast\statement\SQLAlterTableGroupStatement.java
7,8.4,3,0,1,0,5,14,0.5,0,0,0,0,0,core\src\main\java\com\alibaba\druid\sql\ast\statement\SQLAlterTableImportPartition.java
5,6.0,0,0,1,0,1,1,0.5,0,0,0,0,0,core\src\main\java\com\alibaba\druid\sql\ast\statement\SQLAlterTableItem.java
8,9.6,3,0,1,0,5,20,0.5,0,0,0,0,0,core\src\main\java\com\alibaba\druid\sql\ast\statement\SQLAlterTableMergePartition.java
6,7.199999999999999,3,0,1,0,5,10,0.5,0,0,0,0,0,core\src\main\java\com\alibaba\druid\sql\ast\statement\SQLAlterTableModifyClusteredBy.java
7,8.4,3,0,1,0,5,12,0.5,0,0,0,0,0,core\src\main\java\com\alibaba\druid\sql\ast\statement\SQLAlterTableOptimizePartition.java
2,2.4,3,0,1,0,4,8,0.5,0,0,0,0,0,core\src\main\java\com\alibaba\druid\sql\ast\statement\SQLAlterTablePartition.java
7,8.4,3,0,1,0,3,11,0.5,0,0,0,0,0,core\src\main\java\com\alibaba\druid\sql\ast\statement\SQLAlterTablePartitionCount.java
7,8.4,3,0,1,0,3,11,0.5,0,0,0,0,0,core\src\main\java\com\alibaba\druid\sql\ast\statement\SQLAlterTablePartitionLifecycle.java
3,3.5999999999999996,3,0,1,0,5,16,0.5,0,0,0,0,0,core\src\main\java\com\alibaba\druid\sql\ast\statement\SQLAlterTablePartitionSetProperties.java
7,8.4,3,0,1,0,5,12,0.5,0,0,0,0,0,core\src\main\java\com\alibaba\druid\sql\ast\statement\SQLAlterTableRebuildPartition.java
7,8.4,3,0,1,0,5,12,0.5,0,0,0,0,0,core\src\main\java\com\alibaba\druid\sql\ast\statement\SQLAlterTableRecoverPartitions.java
9,10.799999999999999,3,0,1,0,4,20,0.5,0,0,0,0,0,core\src\main\java\com\alibaba\druid\sql\ast\statement\SQLAlterTableRename.java
8,9.6,3,0,1,0,3,16,0.5,0,0,0,0,0,core\src\main\java\com\alibaba\druid\sql\ast\statement\SQLAlterTableRenameColumn.java
8,9.6,3,0,1,0,3,16,0.5,0,0,0,0,0,core\src\main\java\com\alibaba\druid\sql\ast\statement\SQLAlterTableRenameConstraint.java
8,9.6,3,0,1,0,3,19,0.5,0,0,0,0,0,core\src\main\java\com\alibaba\druid\sql\ast\statement\SQLAlterTableRenameIndex.java
6,7.199999999999999,3,0,1,0,4,13,0.5,0,0,0,0,0,core\src\main\java\com\alibaba\druid\sql\ast\statement\SQLAlterTableRenamePartition.java
7,8.4,3,0,1,0,6,14,0.5,0,0,0,0,0,core\src\main\java\com\alibaba\druid\sql\ast\statement\SQLAlterTableReOrganizePartition.java
7,8.4,3,0,1,0,5,12,0.5,0,0,0,0,0,core\src\main\java\com\alibaba\druid\sql\ast\statement\SQLAlterTableRepairPartition.java
8,9.6,3,0,1,0,5,18,0.5,0,0,0,0,0,core\src\main\java\com\alibaba\druid\sql\ast\statement\SQLAlterTableReplaceColumn.java
7,8.4,3,0,1,0,3,10,0.5,0,0,0,0,0,core\src\main\java\com\alibaba\druid\sql\ast\statement\SQLAlterTableSetComment.java
3,3.5999999999999996,3,0,1,0,3,9,0.5,0,0,0,0,0,core\src\main\java\com\alibaba\druid\sql\ast\statement\SQLAlterTableSetFileFormat.java
7,8.4,3,0,1,0,3,10,0.5,0,0,0,0,0,core\src\main\java\com\alibaba\druid\sql\ast\statement\SQLAlterTableSetLifecycle.java
7,8.4,3,0,1,0,3,10,0.5,0,0,0,0,0,core\src\main\java\com\alibaba\druid\sql\ast\statement\SQLAlterTableSetLocation.java
7,8.4,3,0,1,0,5,17,0.5,0,0,0,0,0,core\src\main\java\com\alibaba\druid\sql\ast\statement\SQLAlterTableSetOption.java
7,8.4,3,0,1,0,3,10,0.5,0,0,0,0,0,core\src\main\java\com\alibaba\druid\sql\ast\statement\SQLAlterTableSetSchema.java
7,8.4,3,0,1,0,5,16,0.5,0,0,0,0,0,core\src\main\java\com\alibaba\druid\sql\ast\statement\SQLAlterTableSetSerde.java
7,8.4,3,0,1,0,5,17,0.5,0,0,0,0,0,core\src\main\java\com\alibaba\druid\sql\ast\statement\SQLAlterTableSetSerdeProperties.java
7,8.4,3,0,1,0,3,10,0.5,0,0,0,0,0,core\src\main\java\com\alibaba\druid\sql\ast\statement\SQLAlterTableSetTableSpace.java
17,20.4,3,0,1,0,7,115,0.5,0,0,0,0,0,core\src\main\java\com\alibaba\druid\sql\ast\statement\SQLAlterTableStatement.java
7,8.4,3,0,1,0,3,10,0.5,0,0,0,0,0,core\src\main\java\com\alibaba\druid\sql\ast\statement\SQLAlterTableSubpartitionAvailablePartitionNum.java
6,7.199999999999999,3,0,1,0,5,14,0.5,0,0,0,0,0,core\src\main\java\com\alibaba\druid\sql\ast\statement\SQLAlterTableSubpartitionLifecycle.java
5,6.0,2,0,1,0,4,6,0.5,0,0,0,0,0,core\src\main\java\com\alibaba\druid\sql\ast\statement\SQLAlterTableTouch.java
8,9.6,3,0,1,0,6,18,0.5,0,0,0,0,0,core\src\main\java\com\alibaba\druid\sql\ast\statement\SQLAlterTableTruncatePartition.java
7,8.4,3,0,1,0,4,12,0.5,0,0,0,0,0,core\src\main\java\com\alibaba\druid\sql\ast\statement\SQLAlterTableUnarchivePartition.java
6,7.199999999999999,3,0,1,0,3,8,0.5,0,0,0,0,0,core\src\main\java\com\alibaba\druid\sql\ast\statement\SQLAlterTableValidateConstraint.java
7,8.4,3,0,1,0,6,20,0.5,0,0,0,0,0,core\src\main\java\com\alibaba\druid\sql\ast\statement\SQLAlterTypeStatement.java
9,10.799999999999999,3,0,1,0,3,20,0.5,0,0,0,0,0,core\src\main\java\com\alibaba\druid\sql\ast\statement\SQLAlterViewRenameStatement.java
24,28.799999999999997,3,0,1,0,12,107,0.5,0,0,0,0,0,core\src\main\java\com\alibaba\druid\sql\ast\statement\SQLAlterViewStatement.java
18,21.599999999999998,4,0,1,0,7,62,0.5,0,0,0,0,0,core\src\main\java\com\alibaba\druid\sql\ast\statement\SQLAnalyzeTableStatement.java
8,9.6,3,0,1,0,6,21,0.5,0,0,0,0,0,core\src\main\java\com\alibaba\druid\sql\ast\statement\SQLArchiveTableStatement.java
15,18.0,3,0,1,0,6,46,0.5,0,0,0,0,0,core\src\main\java\com\alibaba\druid\sql\ast\statement\SQLAssignItem.java
6,7.199999999999999,3,0,1,0,6,14,0.5,0,0,0,0,0,core\src\main\java\com\alibaba\druid\sql\ast\statement\SQLBackupStatement.java
8,9.6,3,0,1,0,9,19,0.5,0,0,0,0,0,core\src\main\java\com\alibaba\druid\sql\ast\statement\SQLBeginStatement.java
14,16.8,4,0,1,0,6,57,0.5,0,0,0,0,0,core\src\main\java\com\alibaba\druid\sql\ast\statement\SQLBlockStatement.java
6,7.199999999999999,3,0,1,0,4,15,0.5,0,0,0,0,0,core\src\main\java\com\alibaba\druid\sql\ast\statement\SQLBuildTableStatement.java
6,7.199999999999999,3,0,1,0,9,24,0.5,0,0,0,0,0,core\src\main\java\com\alibaba\druid\sql\ast\statement\SQLCallStatement.java
6,7.199999999999999,3,0,1,0,3,10,0.5,0,0,0,0,0,core\src\main\java\com\alibaba\druid\sql\ast\statement\SQLCancelJobStatement.java
14,16.8,5,0,1,0,9,45,0.5,0,0,0,0,0,core\src\main\java\com\alibaba\druid\sql\ast\statement\SQLCharacterDataType.java
13,15.6,4,0,1,0,4,37,0.5,0,0,0,0,0,core\src\main\java\com\alibaba\druid\sql\ast\statement\SQLCheck.java
10,12.0,3,0,1,0,6,34,0.5,0,0,0,0,0,core\src\main\java\com\alibaba\druid\sql\ast\statement\SQLCloneTableStatement.java
7,8.4,3,0,1,0,7,15,0.5,0,0,0,0,0,core\src\main\java\com\alibaba\druid\sql\ast\statement\SQLCloseStatement.java
11,13.2,3,0,1,0,4,34,0.5,0,0,0,0,0,core\src\main\java\com\alibaba\druid\sql\ast\statement\SQLColumnCheck.java
5,6.0,1,0,1,0,0,2,0.5,0,0,0,0,0,core\src\main\java\com\alibaba\druid\sql\ast\statement\SQLColumnConstraint.java
6,7.199999999999999,3,0,1,0,4,26,0.5,0,0,0,0,0,core\src\main\java\com\alibaba\druid\sql\ast\statement\SQLColumnDefault.java
86,103.2,7,0,1,0,11,309,0.5,0,0,0,0,0,core\src\main\java\com\alibaba\druid\sql\ast\statement\SQLColumnDefinition.java
6,7.199999999999999,3,0,1,0,1,13,0.5,0,0,0,0,0,core\src\main\java\com\alibaba\druid\sql\ast\statement\SQLColumnPrimaryKey.java
8,9.6,3,0,1,0,4,31,0.5,0,0,0,0,0,core\src\main\java\com\alibaba\druid\sql\ast\statement\SQLColumnReference.java
6,7.199999999999999,3,0,1,0,2,11,0.5,0,0,0,0,0,core\src\main\java\com\alibaba\druid\sql\ast\statement\SQLColumnUniqueKey.java
9,10.799999999999999,3,0,1,0,7,24,0.5,0,0,0,0,0,core\src\main\java\com\alibaba\druid\sql\ast\statement\SQLCommentStatement.java
12,14.399999999999999,4,0,1,0,3,38,0.5,0,0,0,0,0,core\src\main\java\com\alibaba\druid\sql\ast\statement\SQLCommitStatement.java
1,1.2,2,0,1,0,2,3,0.5,0,0,0,0,0,core\src\main\java\com\alibaba\druid\sql\ast\statement\SQLCommitTransactionStatement.java
5,6.0,1,0,1,0,3,7,0.5,0,0,0,0,0,core\src\main\java\com\alibaba\druid\sql\ast\statement\SQLConstraint.java
13,15.6,4,0,1,0,5,52,0.5,0,0,0,0,0,core\src\main\java\com\alibaba\druid\sql\ast\statement\SQLConstraintImpl.java
1,1.2,2,0,1,0,2,3,0.5,0,0,0,0,0,core\src\main\java\com\alibaba\druid\sql\ast\statement\SQLContinueStatement.java
6,7.199999999999999,3,0,1,0,6,31,0.5,0,0,0,0,0,core\src\main\java\com\alibaba\druid\sql\ast\statement\SQLCopyFromStatement.java
3,3.5999999999999996,3,0,1,0,3,9,0.5,0,0,0,0,0,core\src\main\java\com\alibaba\druid\sql\ast\statement\SQLCostStatement.java
24,28.799999999999997,4,0,1,0,10,103,0.5,0,0,0,0,0,core\src\main\java\com\alibaba\druid\sql\ast\statement\SQLCreateDatabaseStatement.java
23,27.599999999999998,4,0,1,0,5,100,0.5,0,0,0,0,0,core\src\main\java\com\alibaba\druid\sql\ast\statement\SQLCreateFunctionStatement.java
23,27.599999999999998,4,0,1,0,7,169,0.5,0,0,0,0,0,core\src\main\java\com\alibaba\druid\sql\ast\statement\SQLCreateIndexStatement.java
24,28.799999999999997,5,0,1,0,7,145,0.5,0,0,0,0,0,core\src\main\java\com\alibaba\druid\sql\ast\statement\SQLCreateMaterializedViewStatement.java
6,7.199999999999999,3,0,1,0,5,24,0.5,0,0,0,0,0,core\src\main\java\com\alibaba\druid\sql\ast\statement\SQLCreateOutlineStatement.java
13,15.6,4,0,1,0,8,54,0.5,0,0,0,0,0,core\src\main\java\com\alibaba\druid\sql\ast\statement\SQLCreateProcedureStatement.java
7,8.4,3,0,1,0,7,18,0.5,0,0,0,0,0,core\src\main\java\com\alibaba\druid\sql\ast\statement\SQLCreateRoleStatement.java
18,21.599999999999998,3,0,1,0,8,75,0.5,0,0,0,0,0,core\src\main\java\com\alibaba\druid\sql\ast\statement\SQLCreateSequenceStatement.java
5,6.0,2,0,1,0,1,2,0.5,0,0,0,0,0,core\src\main\java\com\alibaba\druid\sql\ast\statement\SQLCreateStatement.java
13,15.6,3,0,1,0,12,44,0.5,0,0,0,0,0,core\src\main\java\com\alibaba\druid\sql\ast\statement\SQLCreateTableGroupStatement.java
254,304.8,8,0,1,0,17,1039,0.5,0,0,0,0,0,core\src\main\java\com\alibaba\druid\sql\ast\statement\SQLCreateTableStatement.java
15,18.0,3,0,1,0,5,67,0.5,0,0,0,0,0,core\src\main\java\com\alibaba\druid\sql\ast\statement\SQLCreateTriggerStatement.java
8,9.6,3,0,1,0,4,21,0.5,0,0,0,0,0,core\src\main\java\com\alibaba\druid\sql\ast\statement\SQLCreateUserStatement.java
39,46.8,5,0,1,0,7,155,0.5,0,0,0,0,0,core\src\main\java\com\alibaba\druid\sql\ast\statement\SQLCreateViewStatement.java
5,6.0,2,0,1,0,1,2,0.5,0,0,0,0,0,core\src\main\java\com\alibaba\druid\sql\ast\statement\SQLDDLStatement.java
7,8.4,3,0,1,0,4,19,0.5,0,0,0,0,0,core\src\main\java\com\alibaba\druid\sql\ast\statement\SQLDeclareStatement.java
14,16.8,4,0,1,0,4,46,0.5,0,0,0,0,0,core\src\main\java\com\alibaba\druid\sql\ast\statement\SQLDefault.java
42,50.4,7,0,1,0,10,147,0.5,0,0,0,0,0,core\src\main\java\com\alibaba\druid\sql\ast\statement\SQLDeleteStatement.java
10,12.0,3,0,1,0,5,31,0.5,0,0,0,0,0,core\src\main\java\com\alibaba\druid\sql\ast\statement\SQLDescribeStatement.java
9,10.799999999999999,3,0,1,0,5,25,0.5,0,0,0,0,0,core\src\main\java\com\alibaba\druid\sql\ast\statement\SQLDropCatalogStatement.java
21,25.2,4,0,1,0,8,78,0.5,0,0,0,0,0,core\src\main\java\com\alibaba\druid\sql\ast\statement\SQLDropDatabaseStatement.java
8,9.6,3,0,1,0,7,19,0.5,0,0,0,0,0,core\src\main\java\com\alibaba\druid\sql\ast\statement\SQLDropEventStatement.java
8,9.6,3,0,1,0,8,24,0.5,0,0,0,0,0,core\src\main\java\com\alibaba\druid\sql\ast\statement\SQLDropFunctionStatement.java
13,15.6,3,0,1,0,5,44,0.5,0,0,0,0,0,core\src\main\java\com\alibaba\druid\sql\ast\statement\SQLDropIndexStatement.java
9,10.799999999999999,3,0,1,0,8,22,0.5,0,0,0,0,0,core\src\main\java\com\alibaba\druid\sql\ast\statement\SQLDropLogFileGroupStatement.java
8,9.6,3,0,1,0,7,19,0.5,0,0,0,0,0,core\src\main\java\com\alibaba\druid\sql\ast\statement\SQLDropMaterializedViewStatement.java
10,12.0,3,0,1,0,5,25,0.5,0,0,0,0,0,core\src\main\java\com\alibaba\druid\sql\ast\statement\SQLDropOfflineModelStatement.java
8,9.6,3,0,1,0,7,19,0.5,0,0,0,0,0,core\src\main\java\com\alibaba\druid\sql\ast\statement\SQLDropOutlineStatement.java
7,8.4,3,0,1,0,4,16,0.5,0,0,0,0,0,core\src\main\java\com\alibaba\druid\sql\ast\statement\SQLDropProcedureStatement.java
8,9.6,3,0,1,0,7,19,0.5,0,0,0,0,0,core\src\main\java\com\alibaba\druid\sql\ast\statement\SQLDropResourceGroupStatement.java
8,9.6,3,0,1,0,7,19,0.5,0,0,0,0,0,core\src\main\java\com\alibaba\druid\sql\ast\statement\SQLDropResourceStatement.java
8,9.6,3,0,1,0,5,22,0.5,0,0,0,0,0,core\src\main\java\com\alibaba\druid\sql\ast\statement\SQLDropRoleStatement.java
10,12.0,3,0,1,0,6,29,0.5,0,0,0,0,0,core\src\main\java\com\alibaba\druid\sql\ast\statement\SQLDropSequenceStatement.java
9,10.799999999999999,3,0,1,0,5,23,0.5,0,0,0,0,0,core\src\main\java\com\alibaba\druid\sql\ast\statement\SQLDropServerStatement.java
5,6.0,2,0,1,0,1,2,0.5,0,0,0,0,0,core\src\main\java\com\alibaba\druid\sql\ast\statement\SQLDropStatement.java
10,12.0,3,0,1,0,6,32,0.5,0,0,0,0,0,core\src\main\java\com\alibaba\druid\sql\ast\statement\SQLDropSynonymStatement.java
10,12.0,3,0,1,0,5,26,0.5,0,0,0,0,0,core\src\main\java\com\alibaba\druid\sql\ast\statement\SQLDropTableGroupStatement.java
11,13.2,3,0,1,0,6,28,0.5,0,0,0,0,0,core\src\main\java\com\alibaba\druid\sql\ast\statement\SQLDropTableSpaceStatement.java
13,15.6,4,0,1,0,10,94,0.5,0,0,0,0,0,core\src\main\java\com\alibaba\druid\sql\ast\statement\SQLDropTableStatement.java
8,9.6,3,0,1,0,5,22,0.5,0,0,0,0,0,core\src\main\java\com\alibaba\druid\sql\ast\statement\SQLDropTriggerStatement.java
9,10.799999999999999,3,0,1,0,5,24,0.5,0,0,0,0,0,core\src\main\java\com\alibaba\druid\sql\ast\statement\SQLDropTypeStatement.java
9,10.799999999999999,4,0,1,0,7,28,0.5,0,0,0,0,0,core\src\main\java\com\alibaba\druid\sql\ast\statement\SQLDropUserStatement.java
9,10.799999999999999,5,0,1,0,6,40,0.5,0,0,0,0,0,core\src\main\java\com\alibaba\druid\sql\ast\statement\SQLDropViewStatement.java
7,8.4,4,0,1,0,3,23,0.5,0,0,0,0,0,core\src\main\java\com\alibaba\druid\sql\ast\statement\SQLDumpStatement.java
9,10.799999999999999,3,0,1,0,4,25,0.5,0,0,0,0,0,core\src\main\java\com\alibaba\druid\sql\ast\statement\SQLErrorLoggingClause.java
7,8.4,4,0,1,0,7,34,0.5,0,0,0,0,0,core\src\main\java\com\alibaba\druid\sql\ast\statement\SQLExceptionStatement.java
5,6.0,3,0,1,0,6,26,0.5,0,0,0,0,0,core\src\main\java\com\alibaba\druid\sql\ast\statement\SQLExecuteImmediateStatement.java
7,8.4,3,0,1,0,6,15,0.5,0,0,0,0,0,core\src\main\java\com\alibaba\druid\sql\ast\statement\SQLExplainAnalyzeStatement.java
8,9.6,3,0,1,0,8,33,0.5,0,0,0,0,0,core\src\main\java\com\alibaba\druid\sql\ast\statement\SQLExplainStatement.java
2,2.4,3,0,1,0,3,9,0.5,0,0,0,0,0,core\src\main\java\com\alibaba\druid\sql\ast\statement\SQLExportDatabaseStatement.java
5,6.0,3,0,1,0,6,23,0.5,0,0,0,0,0,core\src\main\java\com\alibaba\druid\sql\ast\statement\SQLExportTableStatement.java
8,9.6,3,0,1,0,4,18,0.5,0,0,0,0,0,core\src\main\java\com\alibaba\druid\sql\ast\statement\SQLExprHint.java
9,10.799999999999999,3,0,1,0,4,26,0.5,0,0,0,0,0,core\src\main\java\com\alibaba\druid\sql\ast\statement\SQLExprStatement.java
90,108.0,8,0,1,0,11,303,0.5,0,0,0,0,0,core\src\main\java\com\alibaba\druid\sql\ast\statement\SQLExprTableSource.java
17,20.4,3,0,1,0,3,77,0.5,0,0,0,0,0,core\src\main\java\com\alibaba\druid\sql\ast\statement\SQLExternalRecordFormat.java
9,10.799999999999999,3,0,1,0,4,24,0.5,0,0,0,0,0,core\src\main\java\com\alibaba\druid\sql\ast\statement\SQLFetchStatement.java
5,6.0,1,0,1,0,2,6,0.5,0,0,0,0,0,core\src\main\java\com\alibaba\druid\sql\ast\statement\SQLForeignKeyConstraint.java
12,14.399999999999999,3,0,1,0,4,74,0.5,0,0,0,0,0,core\src\main\java\com\alibaba\druid\sql\ast\statement\SQLForeignKeyImpl.java
3,3.5999999999999996,3,0,1,0,7,18,0.5,0,0,0,0,0,core\src\main\java\com\alibaba\druid\sql\ast\statement\SQLForStatement.java
9,10.799999999999999,5,0,1,0,7,33,0.5,0,0,0,0,0,core\src\main\java\com\alibaba\druid\sql\ast\statement\SQLGeneratedTableSource.java
3,3.5999999999999996,3,0,1,0,4,14,0.5,0,0,0,0,0,core\src\main\java\com\alibaba\druid\sql\ast\statement\SQLGetDiagnosticsStatement.java
9,10.799999999999999,3,0,1,0,6,39,0.5,0,0,0,0,0,core\src\main\java\com\alibaba\druid\sql\ast\statement\SQLGrantStatement.java
24,28.799999999999997,6,0,1,0,4,90,0.5,0,0,0,0,0,core\src\main\java\com\alibaba\druid\sql\ast\statement\SQLIfStatement.java
2,2.4,3,0,1,0,3,10,0.5,0,0,0,0,0,core\src\main\java\com\alibaba\druid\sql\ast\statement\SQLImportDatabaseStatement.java
6,7.199999999999999,3,0,1,0,7,30,0.5,0,0,0,0,0,core\src\main\java\com\alibaba\druid\sql\ast\statement\SQLImportTableStatement.java
24,28.799999999999997,4,0,1,0,4,99,0.5,0,0,0,0,0,core\src\main\java\com\alibaba\druid\sql\ast\statement\SQLInsertInto.java
20,24.0,6,0,1,0,6,91,0.5,0,0,0,0,0,core\src\main\java\com\alibaba\druid\sql\ast\statement\SQLInsertStatement.java
102,122.39999999999999,6,3,1,0,11,386,0.5,0,0,0,0,0,core\src\main\java\com\alibaba\druid\sql\ast\statement\SQLJoinTableSource.java
21,25.2,4,0,1,0,7,62,0.5,0,0,0,0,0,core\src\main\java\com\alibaba\druid\sql\ast\statement\SQLLateralViewTableSource.java
1,1.2,2,0,1,0,2,3,0.5,0,0,0,0,0,core\src\main\java\com\alibaba\druid\sql\ast\statement\SQLLeaveStatement.java
1,1.2,0,0,1,0,1,0,0.5,0,0,0,0,0,core\src\main\java\com\alibaba\druid\sql\ast\statement\SQLLockTableStatement.java
10,12.0,4,0,1,0,6,32,0.5,0,0,0,0,0,core\src\main\java\com\alibaba\druid\sql\ast\statement\SQLLoopStatement.java
29,34.8,6,0,1,0,4,152,0.5,0,0,0,0,0,core\src\main\java\com\alibaba\druid\sql\ast\statement\SQLMergeStatement.java
